battery_id,model,cutoff,fit_success,fit_status,fit_rmse,eol_cycle,parameters_json
1,linear,100,True,no_crossing_within_5000,0.001145656665,,"[1.0052231490143755, 1.7890297745449606e-07]"
1,linear,150,True,no_crossing_within_5000,0.001097762616,,"[1.0057939844190342, 0.0011180331862836457]"
1,linear,200,True,no_crossing_within_5000,0.001367939084,,"[1.0067813255359832, 0.0025210076733713596]"
1,quadratic,100,True,no_crossing_within_5000,0.001146544081,,"[1.0052263254982652, 5.981284336951282e-18, 7.554365556985921e-06]"
1,quadratic,150,True,ok,0.001020893777,1563.699042,"[1.0055680625461023, 1.2770964008245814e-15, 0.0008407159806665778]"
1,quadratic,200,True,ok,0.001000064249,1184.59271,"[1.0060130435292498, 3.726567773559597e-18, 0.0014681032741293404]"
1,power,100,True,no_crossing_within_5000,0.001145626331,,"[1.0052230437781788, 1.000422059081134e-08, 1.0968573428058348]"
1,power,150,True,ok,0.0009704948267,700.4542137,"[1.0054245252275653, 0.0005977409877792068, 2.999999998160834]"
1,power,200,True,ok,0.0008169937222,636.8662411,"[1.0056026493092793, 0.0007959467663740912, 2.99999999795874]"
1,exponential,100,True,no_crossing_within_5000,0.001145624589,,"[1.0052230377792188, 1.0009927244847882e-08, 0.15769720720732516]"
1,exponential,150,True,ok,0.0009573617477,300.8680275,"[1.0053705776440454, 2.4696233503942966e-05, 2.9999999999973768]"
1,exponential,200,True,ok,0.0008007401235,357.3146576,"[1.005544815717282, 9.745208446080435e-05, 2.1422386110414298]"
3,linear,100,True,no_crossing_within_5000,0.0008480124648,,"[0.9976331609833659, 2.2375703825464573e-08]"
3,linear,150,True,no_crossing_within_5000,0.00083768866,,"[0.9981265081260742, 0.0010134201556531856]"
3,linear,200,True,no_crossing_within_5000,0.0008233172746,,"[0.9985142474397599, 0.0015612828024229332]"
3,quadratic,100,True,ok,0.0008589016755,4254.38575,"[0.9976780784622893, 7.238565788517727e-09, 0.00010921545605706488]"
3,quadratic,150,True,ok,0.0007641243797,1655.795979,"[0.9978967126761887, 6.013239057506214e-11, 0.0007218133840893208]"
3,quadratic,200,True,ok,0.0006639198909,1630.96448,"[0.9979037921299934, 3.041181220839491e-22, 0.0007439865941032677]"
3,power,100,True,ok,0.000869828054,866.6324831,"[0.9977298649830666, 0.00030378573749200176, 2.9999999999999996]"
3,power,150,True,ok,0.00072441212,731.1951328,"[0.9977689741659136, 0.0005058925601037956, 2.999999991690743]"
3,power,200,True,ok,0.0006412128126,1218.623779,"[0.9977993917351741, 0.0005968219874237584, 2.321070619808165]"
3,exponential,100,True,no_crossing_within_5000,0.0008480089613,,"[0.9976331473934744, 1.0000006557008747e-08, 0.010000020812609442]"
3,exponential,150,True,ok,0.0007245555736,322.0141945,"[0.9977529474805767, 3.16175234977473e-05, 2.7145456020519494]"
3,exponential,200,True,ok,0.0006716922662,543.6739083,"[0.997920091118637, 0.0003335237317785582, 1.174893305148285]"
4,linear,100,True,ok,0.0002434992702,1499.542853,"[1.0005432641957346, 0.013373626754198523]"
4,linear,150,True,ok,0.0005579093548,1360.73572,"[1.0011759204958168, 0.014784349194755225]"
4,linear,200,True,ok,0.0008857480338,1244.697969,"[1.0021467427596285, 0.016240626068712474]"
4,quadratic,100,True,ok,9.948448957e-05,667.2705617,"[0.9999919185393567, 0.010338960676198107, 0.0029422364250552674]"
4,quadratic,150,True,ok,0.0001407750159,652.6620767,"[0.999941327825582, 0.010110058265653251, 0.003144763897205627]"
4,quadratic,200,True,ok,9.524760204e-05,670.3554071,"[1.0000067676368765, 0.010397532520962332, 0.002899715124367346]"
4,power,100,True,ok,8.155186567e-05,991.2511248,"[0.9997647915574481, 0.012985246610591621, 1.1916163180217618]"
4,power,150,True,ok,0.0001699885041,868.3162926,"[0.9995556024899093, 0.0129541823093215, 1.2652410982239126]"
4,power,200,True,ok,0.0001588848042,821.0534048,"[0.9993955414785612, 0.012734219060665242, 1.3066278300487055]"
4,exponential,100,True,ok,0.0001037147237,510.6086851,"[1.0000253064753473, 0.024563878751142187, 0.4334034915259125]"
4,exponential,150,True,ok,0.0001362535574,515.5875196,"[1.0000159425886288, 0.025056092155467197, 0.4257867819440101]"
4,exponential,200,True,ok,0.0001074804978,561.0304216,"[1.0001624349548373, 0.03154568446350743, 0.35542487558925523]"
6,linear,100,True,no_crossing_within_5000,0.0004665091074,,"[0.9994642147948404, 0.0012585169395270281]"
6,linear,150,True,no_crossing_within_5000,0.0004915868643,,"[0.9999075683631008, 0.002167568519356152]"
6,linear,200,True,no_crossing_within_5000,0.0006043589105,,"[1.0004070935207925, 0.0029065081661170757]"
6,quadratic,100,True,ok,0.0004026922847,1229.650167,"[0.9992643131569202, 1.272066171174927e-21, 0.0013178512118129982]"
6,quadratic,150,True,ok,0.0003290619196,1202.284885,"[0.9992739869010178, 6.262745412741821e-08, 0.0013785870499912968]"
6,quadratic,200,True,ok,0.0002806529043,1191.042185,"[0.999290902077371, 5.715045781901452e-07, 0.0014048124627837617]"
6,power,100,True,ok,0.0003811431822,558.2668048,"[0.999169881918359, 0.0013820470586872974, 2.8904392074997025]"
6,power,150,True,ok,0.0003210971857,1033.330488,"[0.9992196490298321, 0.0012947295497800454, 2.1564469383045237]"
6,power,200,True,ok,0.0002731827194,1101.682084,"[0.9992336429537619, 0.0013207667335846517, 2.0906131285970746]"
6,exponential,100,True,ok,0.0003971801513,262.94406,"[0.9992188179198849, 7.47547276593689e-05, 2.9999999999852434]"
6,exponential,150,True,ok,0.0003495462216,429.9343618,"[0.9993463248764316, 0.00044509024554994624, 1.4203917292759363]"
6,exponential,200,True,ok,0.000316438791,531.8798227,"[0.9994738850870399, 0.0009094261045611386, 1.0143595208091085]"
7,linear,100,True,no_crossing_within_5000,0.0007995932398,,"[0.9990262674501796, 0.00030558092432020475]"
7,linear,150,True,no_crossing_within_5000,0.001066708356,,"[1.0003073879074933, 0.0028115329662729517]"
7,linear,200,True,ok,0.001502556343,4230.294481,"[1.0016883431238965, 0.0047677140213736]"
7,quadratic,100,True,ok,0.000810406784,1538.932218,"[0.9991789582482751, 3.134425838786809e-08, 0.0008410143785992758]"
7,quadratic,150,True,ok,0.0008075521981,1005.710922,"[0.9996126547355764, 9.908219856255811e-12, 0.001973520932147379]"
7,quadratic,200,True,ok,0.0008399529949,899.6140682,"[0.9999842030520363, 2.362697053671679e-09, 0.002471059306981637]"
7,power,100,True,ok,0.0007932058334,568.1087401,"[0.9991756840090881, 0.0010862803363632452, 2.999999982792919]"
7,power,150,True,ok,0.0006765484968,526.671993,"[0.9992377211887548, 0.0013638006562799053, 2.9999999968178415]"
7,power,200,True,ok,0.0006117902009,589.778468,"[0.9992933423025067, 0.0014892446373514893, 2.7592543629058555]"
7,exponential,100,True,ok,0.0008048562434,272.2478437,"[0.9992065827297996, 5.653987507765698e-05, 2.9999999999999973]"
7,exponential,150,True,ok,0.0007014513384,298.7532375,"[0.999286448307367, 0.00012375451517053872, 2.4718792931444264]"
7,exponential,200,True,ok,0.0007214767337,392.5300679,"[0.9996795281383977, 0.0005782837992790995, 1.489642858640086]"
8,linear,100,True,no_crossing_within_5000,0.0008140329996,,"[1.0004334464957356, 0.003505367113052463]"
8,linear,150,True,ok,0.001284246511,2986.767444,"[1.0020572678477426, 0.006765082036507804]"
8,linear,200,True,ok,0.001872122611,2121.699975,"[1.00397947637656, 0.009613964216423878]"
8,quadratic,100,True,ok,0.0005890579211,737.284743,"[0.9998533513595066, 1.1106758672229054e-10, 0.0036765539206342767]"
8,quadratic,150,True,ok,0.0005771060985,665.375089,"[1.000162414887503, 2.5090328009680363e-09, 0.004521155258992163]"
8,quadratic,200,True,ok,0.0005329548391,652.5326072,"[1.000283367892493, 6.516065541681806e-10, 0.004703708935309259]"
8,power,100,True,ok,0.0004770522572,373.829015,"[0.9995476836378233, 0.0038196860749588916, 2.9999999999999996]"
8,power,150,True,ok,0.0004264441225,495.4235224,"[0.9996601491401333, 0.003738816959710472, 2.485777406793981]"
8,power,200,True,ok,0.0004363461589,590.3190259,"[0.9998971276243294, 0.0041469490425233785, 2.1827346765896443]"
8,exponential,100,True,ok,0.0005338339138,228.5250985,"[0.9997369513340852, 0.0002106204110561611, 2.9999999999912066]"
8,exponential,150,True,ok,0.0005469693561,314.7927428,"[1.000099891136517, 0.0009030740957519713, 1.7170886107406638]"
8,exponential,200,True,ok,0.0006700495517,405.7565568,"[1.0007890679375235, 0.0027437841256022534, 1.0613480717457118]"
12,linear,100,True,no_crossing_within_5000,0.0003635991556,,"[1.0000258320377777, 0.002114639710245871]"
12,linear,150,True,no_crossing_within_5000,0.0003309692787,,"[1.0001802131040405, 0.0024338204654942436]"
12,linear,200,True,no_crossing_within_5000,0.0003732899065,,"[1.00040767606058, 0.0027585388032689002]"
12,quadratic,100,True,ok,0.000256067428,988.8052134,"[0.9996320111979086, 1.549686478945446e-09, 0.002041778628426504]"
12,quadratic,150,True,ok,0.0002490274148,1360.576856,"[0.9996954991650295, 0.0008007174367719277, 0.0010199019334947278]"
12,quadratic,200,True,ok,0.0002297046841,1467.929297,"[0.9997229397999289, 0.0009718167578682793, 0.0008606643009454623]"
12,power,100,True,ok,0.0002472105815,731.6915373,"[0.99956964350156, 0.0020531254003218423, 2.2996812922815373]"
12,power,150,True,ok,0.0002385132784,2001.392183,"[0.9996601815942333, 0.0018088566673994913, 1.5698430485917387]"
12,power,200,True,ok,0.0002191827851,1987.980188,"[0.9996313211096716, 0.0017485886641039627, 1.58465952244026]"
12,exponential,100,True,ok,0.000271969925,292.9828426,"[0.9996520679834707, 0.00024384976551471526, 2.28989510763195]"
12,exponential,150,True,ok,0.000265702858,661.6124881,"[0.999824556714026, 0.0019239202624221755, 0.7032299018126367]"
12,exponential,200,True,ok,0.0002393500992,734.345446,"[0.9998291575734154, 0.0023382599652925023, 0.6073012545009415]"
13,linear,100,True,no_crossing_within_5000,0.0003336980718,,"[0.9999611279688615, 0.0014786801825247286]"
13,linear,150,True,no_crossing_within_5000,0.000340157928,,"[1.0002337253295042, 0.002028321342747969]"
13,linear,200,True,no_crossing_within_5000,0.0003481284954,,"[1.000476871120063, 0.0023647963372671176]"
13,quadratic,100,True,ok,0.0002454991108,1143.854064,"[0.9997253852857007, 1.0766152587898849e-13, 0.0015264831980960566]"
13,quadratic,150,True,ok,0.0002165042171,1245.133551,"[0.9996447353338836, 8.051151814306913e-13, 0.0012877334915612955]"
13,quadratic,200,True,ok,0.0001955754414,1473.731023,"[0.9997499549968922, 0.0005019737093446061, 0.0008856471610383403]"
13,power,100,True,ok,0.0002206068586,532.8621367,"[0.9996200166875796, 0.00158916078373643, 2.8887879375665597]"
13,power,150,True,ok,0.0002172881287,1349.608839,"[0.999670110278207, 0.0013267904114871822, 1.9266461565793762]"
13,power,200,True,ok,0.0001875296812,1861.238386,"[0.9997195508711776, 0.001371550815129108, 1.7035795162124936]"
13,exponential,100,True,ok,0.0002404552639,258.0792171,"[0.9996783264751488, 8.67057850143208e-05, 2.999999999340992]"
13,exponential,150,True,ok,0.0002412540527,488.7512699,"[0.9997872082044433, 0.0006316957413021256, 1.1784638677235073]"
13,exponential,200,True,ok,0.0002122422891,692.834024,"[0.9998972576634914, 0.0015285825887447744, 0.704509335935851]"
15,linear,100,True,no_crossing_within_5000,0.0003621810759,,"[1.000050980413786, 0.0017276748928198081]"
15,linear,150,True,no_crossing_within_5000,0.0004168898846,,"[1.0004462877056643, 0.002527782620782525]"
15,linear,200,True,no_crossing_within_5000,0.0005253553488,,"[1.0008971709385794, 0.0031843709548731412]"
15,quadratic,100,True,ok,0.0002567699664,1064.809044,"[0.9997622607572957, 1.649105953235948e-12, 0.0017618542642960932]"
15,quadratic,150,True,ok,0.000222184882,1108.521201,"[0.9997185926364038, 2.5439362570987514e-10, 0.0016252885797798484]"
15,quadratic,200,True,ok,0.000200759658,1154.221977,"[0.9996900276190905, 7.211181151778614e-05, 0.0014926697348699525]"
15,power,100,True,ok,0.0002244057266,497.4337983,"[0.9996341114302851, 0.0018310071399191107, 2.924417267052006]"
15,power,150,True,ok,0.0002195813754,1036.371042,"[0.9996902903624134, 0.0015810002568514608, 2.0693189661382756]"
15,power,200,True,ok,0.0002006549796,1240.248693,"[0.9997242958734449, 0.0016211481142510847, 1.9118348618443053]"
15,exponential,100,True,ok,0.0002468363794,253.2221064,"[0.9997093072169488, 0.0001003292405526475, 2.99999999999587]"
15,exponential,150,True,ok,0.0002503005185,433.038669,"[0.9998363125273411, 0.0005997186491053655, 1.342094879050845]"
15,exponential,200,True,ok,0.0002442616932,570.1803234,"[0.9999814990799314, 0.001361290703088629, 0.8763149789170958]"
17,linear,100,True,no_crossing_within_5000,0.0005030180411,,"[0.9997573464116715, 0.0006038245805369296]"
17,linear,150,True,no_crossing_within_5000,0.0004457998875,,"[0.9999362131900986, 0.0009593405521233582]"
17,linear,200,True,no_crossing_within_5000,0.0004256531806,,"[1.000106491583025, 0.0012148831409187965]"
17,quadratic,100,True,ok,0.0004784844949,1663.345208,"[0.9996941861468313, 2.518176104679534e-10, 0.0007217729951725157]"
17,quadratic,150,True,ok,0.0003873838366,1812.003265,"[0.9996534551807001, 5.018922199630401e-10, 0.0006080773947630953]"
17,quadratic,200,True,ok,0.0003342825065,1872.102173,"[0.9996238571307028, 2.4693876133655967e-07, 0.0005695649953694574]"
17,power,100,True,ok,0.0004626405253,634.2861359,"[0.9996433624199209, 0.0007823466356309184, 2.999999999999967]"
17,power,150,True,ok,0.0003847022796,1592.386289,"[0.999635578896704, 0.000581503638253043, 2.1094703383180593]"
17,power,200,True,ok,0.0003387245506,2202.138262,"[0.999664444869862, 0.0006273393529635718, 1.8638033286309628]"
17,exponential,100,True,ok,0.0004713847454,282.228232,"[0.9996754249125743, 4.200597398389444e-05, 2.9999999981625343]"
17,exponential,150,True,ok,0.0003966015367,500.1346249,"[0.9996903078090255, 0.00021316738441639677, 1.3683340175153977]"
17,exponential,200,True,ok,0.00035665559,712.7090268,"[0.9997686357513729, 0.0005862622059120603, 0.8185778772474309]"
18,linear,100,True,no_crossing_within_5000,0.0006115927863,,"[0.9998332629832354, 0.0008124608261220018]"
18,linear,150,True,no_crossing_within_5000,0.0006505018559,,"[1.0004241502488993, 0.002010794745322632]"
18,linear,200,True,no_crossing_within_5000,0.0006943397513,,"[1.0009055230388195, 0.0026936248460281446]"
18,quadratic,100,True,ok,0.0005749365526,1379.255746,"[0.9997793064196266, 5.185630803011876e-24, 0.0010501731174848263]"
18,quadratic,150,True,ok,0.0004842522854,1234.731257,"[0.9998629728473617, 4.431810158300606e-15, 0.0013109540164635465]"
18,quadratic,200,True,ok,0.0004180230235,1258.911972,"[0.9998176842115165, 8.856863358447234e-11, 0.0012607912663639372]"
18,power,100,True,ok,0.000546702732,552.3560792,"[0.9997235174807811, 0.0011851458323237354, 2.999999997149545]"
18,power,150,True,ok,0.0004499792646,790.4609015,"[0.9997128444875548, 0.001070468101828974, 2.5291033010427975]"
18,power,200,True,ok,0.0004180603785,1259.407737,"[0.9998179453685724, 0.001261165798489083, 1.9995724193676596]"
18,exponential,100,True,ok,0.0005620155453,268.5635113,"[0.9997687485059663, 6.332798526439023e-05, 2.999999999998393]"
18,exponential,150,True,ok,0.0004797649925,376.8296742,"[0.9998166782959038, 0.00022941116702829414, 1.7967765405691216]"
18,exponential,200,True,ok,0.0004717479297,577.8209507,"[1.000054765811873, 0.0010302872355679787, 0.9127205112269268]"
19,linear,100,True,no_crossing_within_5000,0.0005344130037,,"[0.9997903640924902, 0.0003874603654090105]"
19,linear,150,True,no_crossing_within_5000,0.0005095009561,,"[1.000066944716608, 0.0009490911255769898]"
19,linear,200,True,no_crossing_within_5000,0.0005084577639,,"[1.000324851163817, 0.0013367277736005872]"
19,quadratic,100,True,ok,0.000523835925,1880.228618,"[0.9997893285495388, 1.4763727175721301e-08, 0.0005651326078197574]"
19,quadratic,150,True,ok,0.0004452225522,1788.208193,"[0.9998085868756559, 2.8370317151940564e-13, 0.0006248531848542835]"
19,quadratic,200,True,ok,0.0003853215936,1757.006579,"[0.9998210590100024, 2.441234164442596e-13, 0.0006472834168364555]"
19,power,100,True,ok,0.0005117036071,674.0186292,"[0.9997624152008776, 0.0006523761564425891, 2.9999999999999996]"
19,power,150,True,ok,0.000432999748,1127.431685,"[0.9997465681379745, 0.0005262947124651938, 2.4515485755514694]"
19,power,200,True,ok,0.0003770472346,1467.831495,"[0.99977082500505, 0.0005729061702286931, 2.1792238147966057]"
19,exponential,100,True,ok,0.0005186622026,289.0627473,"[0.9997838863716788, 3.423609501901972e-05, 2.999999975331003]"
19,exponential,150,True,ok,0.0004448184396,425.065804,"[0.9997916105398146, 0.00011728522800283441, 1.7505544169483516]"
19,exponential,200,True,ok,0.0003974588443,579.8300734,"[0.9998729004833747, 0.0003473840749521649, 1.0963112714626164]"
20,linear,100,True,no_crossing_within_5000,0.0004823343809,,"[0.9998104922514657, 0.0005511179853463021]"
20,linear,150,True,no_crossing_within_5000,0.000538270259,,"[1.0003214897102735, 0.0015955527623897731]"
20,linear,200,True,no_crossing_within_5000,0.0005738268695,,"[1.000731306091345, 0.0021836338309042117]"
20,quadratic,100,True,ok,0.0004571169484,1598.457125,"[0.9998010156944711, 1.0412782195364793e-22, 0.0007819801127610752]"
20,quadratic,150,True,ok,0.0004062564676,1378.859181,"[0.9998868818691737, 2.6998349803915327e-10, 0.0010513430668559638]"
20,quadratic,200,True,ok,0.0003452731359,1389.944278,"[0.9998685258895389, 1.3412521394358792e-08, 0.00103454461386232]"
20,power,100,True,ok,0.0004358512057,604.1552,"[0.9997666142538758, 0.0009058939488482676, 2.999999995938807]"
20,power,150,True,ok,0.0003761148607,810.861132,"[0.9997529739822336, 0.0008338819047428002, 2.6177434511833555]"
20,power,200,True,ok,0.0003394143007,1284.589377,"[0.9998281313373807, 0.0009759238017400231, 2.0845193720483404]"
20,exponential,100,True,ok,0.0004473961236,277.9306088,"[0.9997973821007554, 4.7816945306345e-05, 2.9999999983207575]"
20,exponential,150,True,ok,0.0003998858011,376.6514437,"[0.9998289187968581, 0.00015738079660416164, 1.8975994744072227]"
20,exponential,200,True,ok,0.0003819845295,570.0590976,"[1.0000108185650056, 0.0007014427608014295, 0.9922634949848349]"
21,linear,100,True,no_crossing_within_5000,0.0004629254605,,"[1.000186316849602, 0.0019763823758085844]"
21,linear,150,True,no_crossing_within_5000,0.0005088802848,,"[1.0006867345320878, 0.0030212668472594777]"
21,linear,200,True,no_crossing_within_5000,0.0005697928466,,"[1.0011142072810564, 0.003644216552187785]"
21,quadratic,100,True,ok,0.000344630944,998.1174113,"[0.9998432237412593, 1.7709421328473764e-20, 0.00200597799103783]"
21,quadratic,150,True,ok,0.0002803584973,1025.153193,"[0.999795191518469, 4.44116770711895e-11, 0.0019011110803671405]"
21,quadratic,200,True,ok,0.0002806306945,1175.259634,"[0.9999541670600458, 0.0007052166078838869, 0.0013876423063383099]"
21,power,100,True,ok,0.000299456934,457.4937508,"[0.9996816883284736, 0.002085368179976023, 2.999999998585036]"
21,power,150,True,ok,0.000281364592,1043.808954,"[0.999804591476131, 0.001915308343010346, 1.9814697787941902]"
21,power,200,True,ok,0.0002669706528,1420.320123,"[0.9999130535895072, 0.0020749225773755093, 1.7215055054288622]"
21,exponential,100,True,ok,0.0003257950119,248.8171395,"[0.9997819562644196, 0.00011455337529771505, 2.9999999999999996]"
21,exponential,150,True,ok,0.0003283088424,451.8705913,"[1.0000090412437643, 0.0009109346958522681, 1.1941894143698928]"
21,exponential,200,True,ok,0.0003313070182,643.1606192,"[1.0002352683361715, 0.002470897234197961, 0.6852372488612439]"
22,linear,100,True,no_crossing_within_5000,0.0004658274148,,"[0.9999205491818908, 0.0008780349456556136]"
22,linear,150,True,no_crossing_within_5000,0.000418712097,,"[1.0001375554918157, 0.0013244123775601815]"
22,linear,200,True,no_crossing_within_5000,0.0004122883181,,"[1.000369636447718, 0.001668727419579026]"
22,quadratic,100,True,ok,0.0004224032422,1424.307165,"[0.9998053728759859, 1.317886386534349e-16, 0.0009849174784779865]"
22,quadratic,150,True,ok,0.000336283328,1545.626391,"[0.9997485727265006, 1.9202974264878127e-18, 0.0008361315969939507]"
22,quadratic,200,True,ok,0.0002803918288,1604.324627,"[0.9997279519140132, 3.1753636247956236e-05, 0.0007740075740182182]"
22,power,100,True,ok,0.0003996535048,574.2349061,"[0.9997344322578819, 0.0010548341316305315, 2.9999999999995346]"
22,power,150,True,ok,0.000336348964,1549.609607,"[0.9997490782845843, 0.0008368869503299651, 1.9977931751027969]"
22,power,200,True,ok,0.0002841929389,1893.129485,"[0.9997771288723543, 0.0008787334126456741, 1.845227796903935]"
22,exponential,100,True,ok,0.0004126441639,272.1228671,"[0.9997787510798076, 5.691532443547147e-05, 2.9999999999989453]"
22,exponential,150,True,ok,0.0003547527901,513.5174854,"[0.9998324573616411, 0.00038012026561531806, 1.2203376624355844]"
22,exponential,200,True,ok,0.0003081697737,676.4694087,"[0.9999146235771962, 0.0008221620269217803, 0.8127214985222357]"
23,linear,100,True,no_crossing_within_5000,0.000703514141,,"[1.0001357524298073, 0.001742030685561529]"
23,linear,150,True,no_crossing_within_5000,0.0007104797798,,"[1.0007436752369887, 0.002985849370481289]"
23,linear,200,True,no_crossing_within_5000,0.0007763860689,,"[1.001250627661253, 0.0037100993718341964]"
23,quadratic,100,True,ok,0.0006091765972,1036.962793,"[0.9998644800860367, 1.2798780938380716e-14, 0.0018586998792737518]"
23,quadratic,150,True,ok,0.0004774232836,1030.993584,"[0.9998592333693297, 9.327082694358482e-09, 0.0018802347854968622]"
23,quadratic,200,True,ok,0.0004422256627,1108.843394,"[0.999876060478212, 0.00029905838122782946, 0.001598654641481321]"
23,power,100,True,ok,0.000559397396,466.9431227,"[0.9997208232361674, 0.001961694604092004, 2.9999999999999862]"
23,power,150,True,ok,0.0004671031129,925.5339797,"[0.9998020432721904, 0.0017934813703470742, 2.11808694212856]"
23,power,200,True,ok,0.0004443372262,1273.831317,"[0.9999164657118778, 0.001973461946126704, 1.8148567302896144]"
23,exponential,100,True,ok,0.0005860154089,250.9903575,"[0.9998133455738857, 0.00010733612327075305, 2.9999999999999987]"
23,exponential,150,True,ok,0.0005142821684,423.2184316,"[1.0000009402494183, 0.0007019623096748671, 1.3363551446350443]"
23,exponential,200,True,ok,0.0005131236336,603.4938305,"[1.0002541515389827, 0.0020694960035499907, 0.7593389191937538]"
26,linear,100,True,no_crossing_within_5000,0.0006221582149,,"[0.99856907846684, 0.0007386556063294424]"
26,linear,150,True,no_crossing_within_5000,0.0006549143617,,"[0.9990244643164856, 0.0016830610047781345]"
26,linear,200,True,no_crossing_within_5000,0.0006732630979,,"[0.999464203634563, 0.00232653173112922]"
26,quadratic,100,True,ok,0.0006154084759,1604.47981,"[0.998460107406224, 1.5995710225037447e-11, 0.0007709118265130841]"
26,quadratic,150,True,ok,0.0005724507652,1322.589332,"[0.9985880711393047, 4.913200463714245e-10, 0.0011352803277239617]"
26,quadratic,200,True,ok,0.0004954306843,1339.096167,"[0.9985618030715351, 2.3110285412981476e-09, 0.00110731735387139]"
26,power,100,True,ok,0.0006051721622,621.8590486,"[0.998405198981422, 0.0008250441209769073, 2.999999999999715]"
26,power,150,True,ok,0.0005374767042,701.1043197,"[0.9983967431918485, 0.000831377631301307, 2.811285172646344]"
26,power,200,True,ok,0.0004909770086,1259.507727,"[0.9985265610938702, 0.0010576997364831135, 2.0664011051631204]"
26,exponential,100,True,ok,0.000607701423,279.787387,"[0.9984410534828251, 4.491860608961693e-05, 2.9999999995725792]"
26,exponential,150,True,ok,0.0005471466278,360.0587296,"[0.9984937233271546, 0.00014226961482458918, 2.011201145392245]"
26,exponential,200,True,ok,0.0005154183106,572.8522009,"[0.9987361786678575, 0.0008075619423095293, 0.9618133565650236]"
27,linear,100,True,no_crossing_within_5000,0.0003586870759,,"[1.0002899347707996, 0.002845753511659413]"
27,linear,150,True,no_crossing_within_5000,0.0003245745026,,"[1.0004254438716147, 0.0031517717267004553]"
27,linear,200,True,no_crossing_within_5000,0.0003165962927,,"[1.000575478829986, 0.0033749724685991768]"
27,quadratic,100,True,ok,0.0002126882265,861.3059476,"[0.999733546321314, 2.363784405656034e-19, 0.002692378542992568]"
27,quadratic,150,True,ok,0.000263408316,1447.196924,"[1.0000326539737854, 0.0018221332904466998, 0.0008291851777096417]"
27,quadratic,200,True,ok,0.0002409445297,1738.001087,"[1.0001420606922504, 0.0022498072239722205, 0.0005331319590916348]"
27,power,100,True,ok,0.0002082231787,747.3137355,"[0.9996913144994951, 0.00269507368607218, 2.140563464470018]"
27,power,150,True,ok,0.0002420028728,2315.813905,"[0.9999030994548093, 0.0025342979424150306, 1.3900174201590323]"
27,power,200,True,ok,0.000217747763,2773.323401,"[0.9999624542334544, 0.002597230842478435, 1.3073023091271376]"
27,exponential,100,True,ok,0.0002384159726,300.1056992,"[0.999809773905156, 0.0004199175488225164, 2.0549966499234062]"
27,exponential,150,True,ok,0.0002751429736,847.7890214,"[1.00012527709807, 0.005023651442823567, 0.43755923399125257]"
27,exponential,200,True,ok,0.0002475741217,1087.274512,"[1.0001963848789686, 0.008232269947976016, 0.2972142706038555]"
28,linear,100,True,no_crossing_within_5000,0.0003023270879,,"[1.0004040605327895, 0.0029260484722857397]"
28,linear,150,True,no_crossing_within_5000,0.0002716388404,,"[1.0005392968716378, 0.003221741994729214]"
28,linear,200,True,no_crossing_within_5000,0.0002597543985,,"[1.0006481540382328, 0.0033816475126092383]"
28,quadratic,100,True,ok,0.0001644807817,849.0327443,"[0.9998383280432938, 4.676506869605429e-13, 0.0027722341415847285]"
28,quadratic,150,True,ok,0.0002136591686,1456.930077,"[1.0001617935943197, 0.0019309422344738955, 0.0008104477918594393]"
28,quadratic,200,True,ok,0.0002017410645,1872.162756,"[1.000291381002149, 0.002453784047197501, 0.0004403790048400163]"
28,power,100,True,ok,0.0001646308733,860.709883,"[0.9998423515563563, 0.002771985047529431, 1.9873596346811824]"
28,power,150,True,ok,0.0001926710965,2365.960313,"[1.0000319260404251, 0.00262387117940579, 1.369830127126694]"
28,power,200,True,ok,0.0001801058378,3065.805329,"[1.0001166340542513, 0.0027109178727982657, 1.256717666159078]"
28,exponential,100,True,ok,0.0001948716833,323.2870939,"[0.9999654480779526, 0.0005729428516051672, 1.8120039798389305]"
28,exponential,150,True,ok,0.0002229642003,849.9707261,"[1.0002400598704204, 0.005242944625337763, 0.43160075082069027]"
28,exponential,200,True,ok,0.0002062182398,1218.541478,"[1.0003309064654287, 0.010567436993302372, 0.24567066421760314]"
29,linear,100,True,no_crossing_within_5000,0.0004341623007,,"[0.9999349373897378, 0.0009961431599188916]"
29,linear,150,True,no_crossing_within_5000,0.0004229220413,,"[1.0003942317736931, 0.0019368069520009714]"
29,linear,200,True,no_crossing_within_5000,0.0005469882798,,"[1.0007999850566276, 0.002534282878186845]"
29,quadratic,100,True,ok,0.0003782864436,1328.115047,"[0.9998088495606064, 2.902263419041167e-21, 0.0011327741368298476]"
29,quadratic,150,True,ok,0.0002643652387,1268.251246,"[0.9998403465960611, 7.070002030996883e-18, 0.001242431858136062]"
29,quadratic,200,True,ok,0.000287213116,1289.233402,"[0.999804738875296, 1.2751120621691523e-07, 0.0012020958935843138]"
29,power,100,True,ok,0.0003480518235,546.3182573,"[0.999731193997234, 0.001224922903644857, 2.9999999999993214]"
29,power,150,True,ok,0.0002517934181,980.623736,"[0.9997616586963145, 0.001118568920227844, 2.271148697874922]"
29,power,200,True,ok,0.0002886750303,1317.629337,"[0.9998179753382992, 0.0012215471279008426, 1.9769045008192894]"
29,exponential,100,True,ok,0.0003644858999,267.093594,"[0.9997831755632824, 6.618880667772959e-05, 2.9999999999093316]"
29,exponential,150,True,ok,0.0002823538804,418.7447969,"[0.9998750317991222, 0.0003372225600909495, 1.5251270641085268]"
29,exponential,200,True,ok,0.0003356113514,585.2896957,"[1.00003754791501, 0.0009981638023449967, 0.9064435077779537]"
30,linear,100,True,ok,0.000331049418,1335.802103,"[1.0014272514341014, 0.015079123699416006]"
30,linear,150,True,ok,0.0002875830291,1322.034578,"[1.00149361967759, 0.01524117621909902]"
30,linear,200,True,ok,0.0002524116761,1338.802581,"[1.0013685901202458, 0.015040947262804328]"
30,quadratic,100,True,ok,0.0002129128572,643.9121792,"[1.000764763173767, 0.011833707628496046, 0.003004322244895932]"
30,quadratic,150,True,ok,0.0002567216904,1027.334818,"[1.001249873329618, 0.014431938982601174, 0.0005020342479303174]"
30,quadratic,200,True,ok,0.0002524116629,1338.80245,"[1.0013685898481446, 0.015040946850124652, 1.3889813791154803e-10]"
30,power,100,True,ok,0.0001673663813,899.7946947,"[1.0004292903329177, 0.014472851413309827, 1.196263634619967]"
30,power,150,True,ok,0.0002226231706,1167.1431,"[1.0009136358041706, 0.014586403760681061, 1.0674120981865445]"
30,power,200,True,ok,0.0002511868214,1334.904221,"[1.001348440646801, 0.015016583030873887, 1.001712241609268]"
30,exponential,100,True,ok,0.0002206112494,522.5261713,"[1.0008261989860883, 0.03247530210165845, 0.37736899244925615]"
30,exponential,150,True,ok,0.0002579239861,996.4302905,"[1.0012614104493798, 0.22800333366952208, 0.06349802927348557]"
30,exponential,200,True,ok,0.0002580068666,1159.486888,"[1.001189861992785, 0.4999999916755067, 0.0291655390567354]"
31,linear,100,True,no_crossing_within_5000,0.0006742003029,,"[0.9994510036715396, 3.015940732668508e-18]"
31,linear,150,True,no_crossing_within_5000,0.000743246539,,"[0.9999492857378225, 0.001101478676758153]"
31,linear,200,True,no_crossing_within_5000,0.0008442067576,,"[1.0006876854377824, 0.002136320154592893]"
31,quadratic,100,True,no_crossing_within_5000,0.0006742028425,,"[0.9994510139806801, 1.1184466404207271e-09, 2.4869357713046398e-08]"
31,quadratic,150,True,ok,0.0006526303511,1524.693637,"[0.9997566524970816, 1.2576583333418793e-12, 0.0008592827154533077]"
31,quadratic,200,True,ok,0.0005797458157,1366.523535,"[0.9999132954589426, 3.0025663494531877e-12, 0.001070551209766872]"
31,power,100,True,no_crossing_within_5000,0.0006742011091,,"[0.9994510071542925, 1.0000263479361006e-08, 2.2523583505084126]"
31,power,150,True,ok,0.0005968573706,684.4205296,"[0.9996255041841838, 0.0006226542288232588, 2.999999999999982]"
31,power,200,True,ok,0.0004918080616,774.6886383,"[0.9995988190968587, 0.0006194071311235859, 2.8209482336030427]"
31,exponential,100,True,ok,0.0006742008866,4977.926838,"[0.999451005858124, 1.0000004635403233e-08, 0.3376605205651988]"
31,exponential,150,True,ok,0.0005867640123,298.2726849,"[0.9995782015147195, 2.5943234482499412e-05, 2.999999999992449]"
31,exponential,200,True,ok,0.0005353198373,439.058859,"[0.9997374517539173, 0.00021725642118041914, 1.554408412410365]"
32,linear,100,True,no_crossing_within_5000,0.0006643634406,,"[0.9994999360077862, 1.347874044614798e-18]"
32,linear,150,True,no_crossing_within_5000,0.0007323195906,,"[1.0000906821750033, 0.0012080031513889491]"
32,linear,200,True,no_crossing_within_5000,0.0007929727146,,"[1.000663888966847, 0.002031673145616155]"
32,quadratic,100,True,ok,0.000674227275,3918.328054,"[0.9995509710133591, 3.812486816990327e-19, 0.0001299727351327747]"
32,quadratic,150,True,ok,0.0006322659377,1496.207883,"[0.9998327721076388, 2.920882153969995e-10, 0.000892653323837275]"
32,quadratic,200,True,ok,0.0005617010295,1426.127053,"[0.9998913231283387, 1.5753179807967204e-07, 0.0009828169210752708]"
32,power,100,True,no_crossing_within_5000,0.0006643646376,,"[0.9994999413479583, 1.002511235711565e-08, 1.039319766236516]"
32,power,150,True,ok,0.0005775685197,679.3525942,"[0.999685491482719, 0.0006368846728434032, 2.999999999754585]"
32,power,200,True,ok,0.0005155329922,953.4799484,"[0.9996942615303901, 0.0006969975102423031, 2.509042523228404]"
32,exponential,100,True,ok,0.0006643639366,3952.054605,"[0.9994999383016423, 1.0018424996727628e-08, 0.4252698993056907]"
32,exponential,150,True,ok,0.0005697512729,297.6066813,"[0.9996365441276172, 2.6474602528882003e-05, 2.99999999998458]"
32,exponential,200,True,ok,0.0005571221534,487.1541975,"[0.9998447628797408, 0.00032458319668270434, 1.3187563944243168]"
33,linear,100,True,no_crossing_within_5000,0.0005795080463,,"[0.9996278889210639, 0.00038952504757417333]"
33,linear,150,True,no_crossing_within_5000,0.0005987349741,,"[1.0002378310085007, 0.001637024529884821]"
33,linear,200,True,no_crossing_within_5000,0.0006933838685,,"[1.0007077761375445, 0.0023215957590195196]"
33,quadratic,100,True,ok,0.0005699581795,1782.013756,"[0.9996479286869663, 3.8736837867957893e-13, 0.00062869890601671]"
33,quadratic,150,True,ok,0.000459370539,1347.062268,"[0.9998079828913808, 7.549313341883654e-09, 0.0011011266439047518]"
33,quadratic,200,True,ok,0.0004352901321,1333.204184,"[0.9998213901392844, 2.277471916731135e-08, 0.0011242113881648062]"
33,power,100,True,ok,0.0005558686178,642.5190652,"[0.9996254444220585, 0.0007525889535792684, 2.9999999999999987]"
33,power,150,True,ok,0.0004122161653,678.0045276,"[0.9996276994731828, 0.0007953585241268223, 2.8868669002330307]"
33,power,200,True,ok,0.0004108213981,1064.436396,"[0.9996968765242112, 0.0009389136590056179, 2.266284620055772]"
33,exponential,100,True,ok,0.0005641124822,284.3107831,"[0.9996498414640124, 3.9456327694826315e-05, 2.9999999999990123]"
33,exponential,150,True,ok,0.0004347894025,347.1898992,"[0.9997004259744282, 0.00011108198058721756, 2.1587209957175806]"
33,exponential,200,True,ok,0.0004547391976,517.1895476,"[0.9998829716979779, 0.0005456285430750641, 1.1419942573895379]"
34,linear,100,True,no_crossing_within_5000,0.0003979624776,,"[0.9997848152765278, 0.0008014336272836975]"
34,linear,150,True,no_crossing_within_5000,0.0005377688315,,"[1.0004461001078884, 0.002158432776728948]"
34,linear,200,True,no_crossing_within_5000,0.0006110190602,,"[1.0010197628676767, 0.002974197133669981]"
34,quadratic,100,True,ok,0.00034496263,1388.207544,"[0.999728301944883, 2.310387414741871e-15, 0.0010364081260091093]"
34,quadratic,150,True,ok,0.0003330737898,1180.952328,"[0.999859523582164, 1.8334419637733563e-09, 0.0014330457908345987]"
34,quadratic,200,True,ok,0.00026205032,1192.341307,"[0.9998361605117256, 6.502241842092987e-11, 0.001405636079699191]"
34,power,100,True,ok,0.0003094710075,553.7361948,"[0.9996742231876496, 0.0011760161023020269, 2.999999999114087]"
34,power,150,True,ok,0.0002827042018,689.0710852,"[0.9996606501480544, 0.0011055675448626546, 2.692119819881026]"
34,power,200,True,ok,0.0002548404672,1103.939468,"[0.9997787967408349, 0.001321585520752022, 2.089710940368838]"
34,exponential,100,True,ok,0.0003267839001,268.7580226,"[0.9997197491822383, 6.29439622246175e-05, 2.9999999999999996]"
34,exponential,150,True,ok,0.0003181074307,353.5639304,"[0.9997670720909457, 0.00019506608736950113, 1.9607613534972765]"
34,exponential,200,True,ok,0.0003192530537,539.4325033,"[1.0000317683300683, 0.0009553977079680723, 0.9915732922690569]"
35,linear,100,True,ok,0.0004465405565,1065.109269,"[1.0019402730875542, 0.01895958272809812]"
35,linear,150,True,ok,0.0006236982726,980.0924692,"[1.0027464712319263, 0.020686463534031065]"
35,linear,200,True,ok,0.0006508135692,951.5441771,"[1.0032078574461232, 0.021355588350769814]"
35,quadratic,100,True,ok,0.0001378318692,498.3890031,"[1.0008134167796336, 0.013231116284166823, 0.005429772548952565]"
35,quadratic,150,True,ok,0.000209771751,583.7685839,"[1.0012363072871238, 0.015528871925811096, 0.0032449604613260467]"
35,quadratic,200,True,ok,0.0003603831005,695.8446053,"[1.0018694547100901, 0.017977910831506964, 0.0015855261725875257]"
35,power,100,True,ok,8.219009103e-05,674.2704675,"[1.0004281509955937, 0.018165482922250942, 1.2580463616334112]"
35,power,150,True,ok,0.0001101813173,720.5630471,"[1.0006029196526842, 0.018217862478639997, 1.21472992811171]"
35,power,200,True,ok,0.0002480120956,795.8038365,"[1.0010725823728994, 0.018736242919480138, 1.1441645753610465]"
35,exponential,100,True,ok,0.0001529192837,392.5172289,"[1.000903377259706, 0.024921363639942556, 0.5615126267278013]"
35,exponential,150,True,ok,0.0002317653959,513.8028941,"[1.0013537879312266, 0.052765111463912114, 0.30594457109634526]"
35,exponential,200,True,ok,0.0003743656224,662.2836137,"[1.0019581072335386, 0.12798121773746057, 0.14299391341152382]"
36,linear,100,True,no_crossing_within_5000,0.0004938317244,,"[0.9998145442227998, 0.0006809777357466353]"
36,linear,150,True,no_crossing_within_5000,0.0005239884666,,"[1.0002735769553601, 0.0016105219693549292]"
36,linear,200,True,no_crossing_within_5000,0.0006014850228,,"[1.000744459150378, 0.0023150503887193175]"
36,quadratic,100,True,ok,0.0004625204791,1533.282128,"[0.9997573981959758, 4.698329333751511e-25, 0.0008496865144403076]"
36,quadratic,150,True,ok,0.000391381155,1367.002867,"[0.9998346793480555, 1.5119153613420616e-11, 0.0010693798755361675]"
36,quadratic,200,True,ok,0.000341465139,1336.872554,"[0.999863239935383, 1.3545507357484716e-08, 0.0011182850399445894]"
36,power,100,True,ok,0.000441157983,595.8998859,"[0.9997062281258844, 0.0009437820264184325, 2.999999999999942]"
36,power,150,True,ok,0.0003589908882,786.0307353,"[0.9996915309370605, 0.0008346965921194988, 2.656607097914286]"
36,power,200,True,ok,0.0003225925651,1104.579914,"[0.9997587958865021, 0.0009624250239592191, 2.2211899482466864]"
36,exponential,100,True,ok,0.0004529035826,276.1635246,"[0.9997426822334282, 5.040708888661419e-05, 2.9999999999999205]"
36,exponential,150,True,ok,0.0003788586894,368.3571957,"[0.9997658615181887, 0.00014497971929153957, 1.9625062224573135]"
36,exponential,200,True,ok,0.00036515587,526.8595737,"[0.9999486594583349, 0.0005861199713621457, 1.107547203765232]"
37,linear,100,True,no_crossing_within_5000,0.0004263009269,,"[1.0000510780903846, 0.0014287354146223683]"
37,linear,150,True,no_crossing_within_5000,0.0004477986447,,"[1.0005226510584488, 0.00241122233749667]"
37,linear,200,True,no_crossing_within_5000,0.0004625667435,,"[1.0008252113445053, 0.0028475697876297365]"
37,quadratic,100,True,ok,0.0003406260486,1147.297343,"[0.9998318669511719, 3.4306541833950726e-20, 0.0015181433096023995]"
37,quadratic,150,True,ok,0.0002615668618,1142.716871,"[0.9998213670856049, 1.4835795623969196e-22, 0.0015302579601018187]"
37,quadratic,200,True,ok,0.0002705177605,1358.374276,"[0.9999405112563673, 0.0006324688049726769, 0.0010370215799537905]"
37,power,100,True,ok,0.0003018937781,499.1730415,"[0.9997187320556936, 0.0016057037888858423, 2.9999999999999147]"
37,power,150,True,ok,0.0002576845626,1052.062911,"[0.9997883655601117, 0.0014791137647369255, 2.084620024775457]"
37,power,200,True,ok,0.0002576450811,1752.294683,"[0.9999150260573137, 0.0016673082489466157, 1.6716127358142412]"
37,exponential,100,True,ok,0.0003240432968,257.8368686,"[0.9997904617284109, 8.738779685925704e-05, 2.999999999996387]"
37,exponential,150,True,ok,0.0002946316927,442.1081028,"[0.9999389814512067, 0.0005854599339607341, 1.3201055654857967]"
37,exponential,200,True,ok,0.0003091168376,718.4308207,"[1.0001744282788205, 0.002248802479271109, 0.6263599409005258]"
38,linear,100,True,no_crossing_within_5000,0.0004696152719,,"[1.0002309630083226, 0.002265774969002199]"
38,linear,150,True,no_crossing_within_5000,0.0004840293352,,"[1.0006250475768748, 0.0030915816962522355]"
38,linear,200,True,no_crossing_within_5000,0.0004697301061,,"[1.0008540334585667, 0.0034286739615162504]"
38,quadratic,100,True,ok,0.0003395778585,947.471668,"[0.9998097153946865, 1.9090735477934753e-22, 0.0022257897428363893]"
38,quadratic,150,True,ok,0.0002979288307,1051.854062,"[0.9997566997063432, 0.00021551555906069365, 0.0017849813053317418]"
38,quadratic,200,True,ok,0.0003199606206,1434.364828,"[1.0001304193742417, 0.0015957247251289313, 0.0008614838788717024]"
38,power,100,True,ok,0.0003061135926,520.3466517,"[0.9996621403627115, 0.0022624061346249017, 2.716382531807137]"
38,power,150,True,ok,0.0002995383218,1290.133566,"[0.9998146900425782, 0.0020991991419797, 1.781480282376505]"
38,power,200,True,ok,0.0002919951955,2048.505877,"[0.9999787279421792, 0.002310320497998363, 1.4772430957177802]"
38,exponential,100,True,ok,0.0003273873633,245.7206677,"[0.9997310480631949, 0.0001256806131410621, 2.9999967968299517]"
38,exponential,150,True,ok,0.0003431863409,515.402568,"[1.0000320081446261, 0.0014211510047772572, 0.9612078190417629]"
38,exponential,200,True,ok,0.000344498085,847.6795842,"[1.000281359639491, 0.00471605348712971, 0.4449824091622367]"
39,linear,100,True,no_crossing_within_5000,0.0003270452187,,"[1.0001757323656733, 0.0020208639233654513]"
39,linear,150,True,no_crossing_within_5000,0.0003243710081,,"[1.000421624145304, 0.002527915706394537]"
39,linear,200,True,no_crossing_within_5000,0.0003429873813,,"[1.0006542637648745, 0.0028746722700036405]"
39,quadratic,100,True,ok,0.0002218153097,1010.888495,"[0.9997987964769912, 7.531172540298106e-07, 0.001955103760303512]"
39,quadratic,150,True,ok,0.0002109968078,1238.16242,"[0.9998287209729168, 0.0005197413322742116, 0.0012614980671276435]"
39,quadratic,200,True,ok,0.0002049925319,1517.306409,"[1.000003428878095, 0.0012048214976729343, 0.0007893367902894145]"
39,power,100,True,ok,0.0002130296353,730.2850711,"[0.9997344628439055, 0.0019682132686098656, 2.323565092242648]"
39,power,150,True,ok,0.0002035026156,1653.527615,"[0.9998234182539876, 0.0018037635517609758, 1.6779773147375494]"
39,power,200,True,ok,0.0001862409561,2163.395868,"[0.9998929878768454, 0.0018906078092655971, 1.516097325104605]"
39,exponential,100,True,ok,0.0002361696657,289.713386,"[0.9998095323591702, 0.0002177408123973525, 2.3550529280895756]"
39,exponential,150,True,ok,0.0002318533117,573.7052072,"[0.9999856010924473, 0.0014185939093930599, 0.8637968716843811]"
39,exponential,200,True,ok,0.0002217282148,815.7612774,"[1.0001237647153318, 0.003234423239737503, 0.5076384951351114]"
40,linear,100,True,no_crossing_within_5000,0.0005047649182,,"[1.00017058657427, 0.002495168325140019]"
40,linear,150,True,no_crossing_within_5000,0.0005125386422,,"[1.0005603116258888, 0.0032932493145686253]"
40,linear,200,True,no_crossing_within_5000,0.0005184439868,,"[1.0008410745204164, 0.0037030371755740706]"
40,quadratic,100,True,ok,0.0003665949118,914.2933354,"[0.9996839656700407, 2.501427029577367e-12, 0.002388757616785542]"
40,quadratic,150,True,ok,0.0003252142841,1046.853986,"[0.9996647638227925, 0.00039436181831808856, 0.001784248457847005]"
40,quadratic,200,True,ok,0.0003322460493,1337.512772,"[0.9999881549945111, 0.0015678341141929883, 0.0010006938859602273]"
40,power,100,True,ok,0.0003406869174,574.6747423,"[0.9995547062195826, 0.002402734358421904, 2.5273904870613633]"
40,power,150,True,ok,0.0003241811495,1318.862765,"[0.9997054499722272, 0.002259991648902586, 1.7374431040284333]"
40,power,200,True,ok,0.0003048823625,1840.025608,"[0.9998347933774538, 0.0024225568398534634, 1.5151494053948837]"
40,exponential,100,True,ok,0.0003657009305,259.5720314,"[0.9996388088830535, 0.00018526212885098249, 2.6903595280562187]"
40,exponential,150,True,ok,0.0003702134716,530.3678682,"[0.9999436234895813, 0.0016949689491839377, 0.9010373390481089]"
40,exponential,200,True,ok,0.0003607969301,785.1295024,"[1.0001627127328139, 0.004407542857981552, 0.4887848557262194]"
41,linear,100,True,no_crossing_within_5000,0.0005256810285,,"[0.9543315613011815, 0.00036884896817369553]"
41,linear,150,True,no_crossing_within_5000,0.0006413950364,,"[0.9551616218778541, 0.002029780321460581]"
41,linear,200,True,no_crossing_within_5000,0.0006846597237,,"[0.9556928848179767, 0.002742157924118307]"
41,quadratic,100,True,ok,0.0005089601796,1390.670157,"[0.9544320600247612, 3.961574748669588e-21, 0.0007985262451566381]"
41,quadratic,150,True,ok,0.0004568288688,1070.99427,"[0.9546168311009718, 3.625460534639873e-13, 0.0013479769735099602]"
41,quadratic,200,True,ok,0.000390128937,1105.402145,"[0.9545430951572784, 5.997771059080007e-11, 0.0012647625524169887]"
41,power,100,True,ok,0.0004842981033,535.7999841,"[0.9544236393390002, 0.0010039352289295184, 2.9999999999999996]"
41,power,150,True,ok,0.0003982732459,594.7820127,"[0.9543865677476155, 0.0009780528870763916, 2.838800227118513]"
41,power,200,True,ok,0.0003858067719,1056.270568,"[0.9545084928105787, 0.0012173754540416822, 2.0546774908975767]"
41,exponential,100,True,ok,0.0004970837586,266.3991315,"[0.954451499160841, 5.224789918466502e-05, 2.9999999999999982]"
41,exponential,150,True,ok,0.0004308584105,330.3208156,"[0.954468892871473, 0.00014280154359592068, 2.115281830979493]"
41,exponential,200,True,ok,0.000446031929,539.4159525,"[0.9547538112720844, 0.0009618940563968128, 0.9430353110757281]"
42,linear,100,True,no_crossing_within_5000,0.0003244423992,,"[0.9998775256680456, 0.0009613132326359941]"
42,linear,150,True,no_crossing_within_5000,0.0003440478338,,"[1.0001836331068283, 0.001608651564210494]"
42,linear,200,True,no_crossing_within_5000,0.0003539034043,,"[1.0003933431938867, 0.0019232566844224245]"
42,quadratic,100,True,ok,0.0002710590529,1392.829483,"[0.9997331588346282, 6.6647254130298266e-21, 0.0010295661807423345]"
42,quadratic,150,True,ok,0.0002292950882,1394.36183,"[0.9997221322183443, 4.345190342626254e-13, 0.0010272478065156522]"
42,quadratic,200,True,ok,0.0002179978629,1584.852944,"[0.9997556379402708, 0.00028005102696311503, 0.0007776114361425125]"
42,power,100,True,ok,0.000249559176,568.1864613,"[0.9996559374383516, 0.0010884527634187815, 2.9999999999999996]"
42,power,150,True,ok,0.000226127293,1244.851365,"[0.99969444808978, 0.000984331007971326, 2.1068285591505513]"
42,power,200,True,ok,0.0002136498916,2012.115976,"[0.9997644381849665, 0.001087419077862267, 1.7367514316373012]"
42,exponential,100,True,ok,0.0002628628151,270.8810226,"[0.9997033942722229, 5.905407232066519e-05, 2.999999999997123]"
42,exponential,150,True,ok,0.0002481494494,462.005608,"[0.9997893747343042, 0.0003630362873497178, 1.3662889597094139]"
42,exponential,200,True,ok,0.0002455365652,726.443642,"[0.9999334950056717, 0.0012638592802930583, 0.697936637462767]"
43,linear,100,True,no_crossing_within_5000,0.000772108744,,"[0.9999012792596199, 0.0013075229451023419]"
43,linear,150,True,no_crossing_within_5000,0.0007990084091,,"[1.0004786532747767, 0.0024826695516740617]"
43,linear,200,True,no_crossing_within_5000,0.0007661643173,,"[1.0008099807531887, 0.002949026109295751]"
43,quadratic,100,True,ok,0.000710029189,1164.640184,"[0.9997329423096869, 1.0964587434674389e-13, 0.0014725368036483488]"
43,quadratic,150,True,ok,0.0006049412285,1128.578111,"[0.9997399946073174, 7.471743706887981e-13, 0.0015682012234456305]"
43,quadratic,200,True,ok,0.0005445986189,1297.886244,"[0.9997713160723966, 0.0004480813928356446, 0.0011514082949781342]"
43,power,100,True,ok,0.0006708345434,502.5425164,"[0.9996250465081677, 0.0015728836573423437, 2.9999999999999982]"
43,power,150,True,ok,0.0005842800679,902.1393518,"[0.9996405235386228, 0.0014168182506049554, 2.2495487113940738]"
43,power,200,True,ok,0.0005451729648,1652.138078,"[0.9998027991890804, 0.0016651743445883186, 1.7069480752815103]"
43,exponential,100,True,ok,0.0006917718266,258.7319303,"[0.9996927830720947, 8.502991912896372e-05, 2.9999999999999996]"
43,exponential,150,True,ok,0.000620961183,409.3059376,"[0.999789310668562, 0.0004479835527489495, 1.4909390099265944]"
43,exponential,200,True,ok,0.0006028292113,704.8332925,"[1.0000920467871306, 0.0022200966428490183, 0.6401884089978173]"
44,linear,100,True,no_crossing_within_5000,0.0006023063106,,"[1.0000497132523158, 0.001412422344150657]"
44,linear,150,True,no_crossing_within_5000,0.0006431098246,,"[1.0006241580355497, 0.00257428039696934]"
44,linear,200,True,no_crossing_within_5000,0.0007098616958,,"[1.0011081999204157, 0.003268564359195898]"
44,quadratic,100,True,ok,0.0005264168515,1138.900985,"[0.9998459939487736, 1.2479972938340764e-11, 0.001540719251452135]"
44,quadratic,150,True,ok,0.0004369151994,1108.072416,"[0.9998627796341357, 1.1548227561168333e-07, 0.0016277693066269001]"
44,quadratic,200,True,ok,0.0003819484935,1141.83763,"[0.9997879150450046, 4.383625407747251e-08, 0.001532355121239037]"
44,power,100,True,ok,0.0004857193379,496.0224881,"[0.9997305191891281, 0.0016365916516324186, 2.9999999999999996]"
44,power,150,True,ok,0.0004205695607,912.516714,"[0.9997753374898714, 0.0014946656511533802, 2.214025645576616]"
44,power,200,True,ok,0.0003908420052,1248.085241,"[0.9998645400424321, 0.001641189667226177, 1.902474726091193]"
44,exponential,100,True,ok,0.000507790985,257.2144014,"[0.9998040791536943, 8.904181345851745e-05, 2.9999999965862165]"
44,exponential,150,True,ok,0.0004606182652,413.3661755,"[0.9999369618495623, 0.0005008888736002046, 1.4495320600695571]"
44,exponential,200,True,ok,0.0004525024868,585.1716552,"[1.0001597031413778, 0.0015096962458463, 0.8364590471529657]"
45,linear,100,True,no_crossing_within_5000,0.0006467152036,,"[0.9996151814619469, 4.737456123747958e-18]"
45,linear,150,True,no_crossing_within_5000,0.000646736557,,"[0.9999752536457591, 0.0007913831003501554]"
45,linear,200,True,no_crossing_within_5000,0.0006764531605,,"[1.000523299938788, 0.0015823887072595117]"
45,quadratic,100,True,no_crossing_within_5000,0.0006467152042,,"[0.9996151814643142, 1.2468306147169755e-21, 1.102799961772044e-18]"
45,quadratic,150,True,ok,0.0005866520735,1801.323493,"[0.9998337911620011, 5.389036280523463e-09, 0.0006158646693763562]"
45,quadratic,200,True,ok,0.0004875659464,1586.143608,"[0.9999561327684247, 9.864322242244294e-12, 0.0007947851018067438]"
45,power,100,True,ok,0.000652751966,1293.253982,"[0.9996440162420043, 9.230066462509634e-05, 2.99999999687279]"
45,power,150,True,ok,0.0005509101272,764.036928,"[0.9997405501411661, 0.0004478403221343052, 2.999999998976646]"
45,power,200,True,ok,0.0004248276935,840.7333378,"[0.9997231485773668, 0.0004497723576897209, 2.8631503464917856]"
45,exponential,100,True,ok,0.0006467157519,4943.921856,"[0.999615183548835, 1.0000248336550026e-08, 0.33999914645265206]"
45,exponential,150,True,ok,0.0005441766518,309.2328489,"[0.9997081420927149, 1.868498723530668e-05, 2.9999999999997864]"
45,exponential,200,True,ok,0.0004549201923,451.6298972,"[0.9998220903615764, 0.00014960775143143946, 1.593763896554538]"
46,linear,100,True,no_crossing_within_5000,0.000428423983,,"[0.9996191277725341, 4.738463291994388e-05]"
46,linear,150,True,no_crossing_within_5000,0.0004655998786,,"[1.0000672562335255, 0.0009367634585896829]"
46,linear,200,True,no_crossing_within_5000,0.0005147489598,,"[1.0004560690808715, 0.0015132688371432593]"
46,quadratic,100,True,ok,0.0004351662747,2491.685259,"[0.9997155355722236, 2.3546342581279365e-14, 0.0003216810543200582]"
46,quadratic,150,True,ok,0.000387561192,1736.592944,"[0.9998454074315837, 1.5833987222772696e-08, 0.0006626703061713858]"
46,quadratic,200,True,ok,0.0003460575955,1649.167402,"[0.9998889683099532, 9.893838857580192e-11, 0.000734952614332762]"
46,power,100,True,ok,0.0004290846296,762.8830827,"[0.9997235175579431, 0.0004498371246806379, 2.999999953301686]"
46,power,150,True,ok,0.0003538177567,753.7641859,"[0.9997320861753386, 0.0004663815308470106, 2.999999998214679]"
46,power,200,True,ok,0.0003207252094,1121.473013,"[0.9997638823592071, 0.0005472272882204816, 2.4408234853580795]"
46,exponential,100,True,ok,0.0004331278724,303.2826578,"[0.9997300782881758, 2.2339451347215784e-05, 2.9999999998968523]"
46,exponential,150,True,ok,0.000358902129,328.0494407,"[0.9997282154208464, 3.151425513942319e-05, 2.6686314617896496]"
46,exponential,200,True,ok,0.0003505325787,517.9571596,"[0.9998761539732126, 0.00026528344846038813, 1.2792526540706581]"
47,linear,100,True,no_crossing_within_5000,0.0003664356593,,"[0.9996212048329324, 3.776860862782904e-11]"
47,linear,150,True,no_crossing_within_5000,0.000440453635,,"[1.0000649727524569, 0.0009508496636404071]"
47,linear,200,True,no_crossing_within_5000,0.0005366906349,,"[1.0004742454109512, 0.0015713092144972957]"
47,quadratic,100,True,ok,0.0003725065588,3354.998742,"[0.9996861282737568, 2.507373695572379e-16, 0.00017740390413242943]"
47,quadratic,150,True,ok,0.0003600205167,1730.04059,"[0.9998416370204433, 7.00662345246307e-18, 0.0006676877269926038]"
47,quadratic,200,True,ok,0.0003437393062,1580.404512,"[0.9999311805371582, 2.966731038944384e-11, 0.0008004680598065319]"
47,power,100,True,no_crossing_within_5000,0.0003664362634,,"[0.9996212095774956, 1.0000344246969966e-08, 1.0752225726425289]"
47,power,150,True,ok,0.000326170755,750.1594015,"[0.9997339589826414, 0.0004731417233978866, 2.9999999925381005]"
47,power,200,True,ok,0.0002932428407,897.7605533,"[0.9997394732413987, 0.0004986406111639271, 2.730574968373253]"
47,exponential,100,True,ok,0.0003721468895,319.3719912,"[0.9997020391092734, 1.378375897072618e-05, 2.999999999963346]"
47,exponential,150,True,ok,0.000334630847,334.3632092,"[0.9997419430531699, 3.708030270245862e-05, 2.569625189034186]"
47,exponential,200,True,ok,0.0003202018942,464.6579525,"[0.9998434416347405, 0.0001817536120113265, 1.5072477693714348]"
48,linear,100,True,no_crossing_within_5000,0.0006712982074,,"[0.9996158190683638, 0.00013208637616274698]"
48,linear,150,True,no_crossing_within_5000,0.0006530023598,,"[1.0000754076041167, 0.001057299017028672]"
48,linear,200,True,no_crossing_within_5000,0.0006513878926,,"[1.000394986857446, 0.0015180805934278104]"
48,quadratic,100,True,ok,0.0006837900012,2169.982363,"[0.9997061014259815, 2.1315030342852584e-19, 0.0004241104033162747]"
48,quadratic,150,True,ok,0.0005750935704,1668.209189,"[0.9998044000134625, 7.1852682346230844e-09, 0.0007179658191385033]"
48,quadratic,200,True,ok,0.000502861751,1654.587424,"[0.999809942281076, 7.173346694476588e-15, 0.0007298567961305374]"
48,power,100,True,ok,0.0006777796468,711.6739358,"[0.9997059004529509, 0.0005540484124310446, 2.9999999999999996]"
48,power,150,True,ok,0.0005454348528,781.9928144,"[0.9996832720164737, 0.0005162940671906018, 2.8968165558693078]"
48,power,200,True,ok,0.0004878396456,1303.084676,"[0.9997301467778276, 0.0006139433592926057, 2.253252887520209]"
48,exponential,100,True,ok,0.0006822312185,295.7265349,"[0.9997169868151841, 2.802230928850136e-05, 2.999999958575131]"
48,exponential,150,True,ok,0.0005571100589,360.7802069,"[0.9997192695751975, 6.491456438822902e-05, 2.226264306685423]"
48,exponential,200,True,ok,0.0005139990111,555.0564975,"[0.9998455678264939, 0.0003526931473174343, 1.142490013111807]"
49,linear,100,True,no_crossing_within_5000,0.0003651367496,,"[0.9995929200001787, 0.0002868750007296302]"
49,linear,150,True,no_crossing_within_5000,0.0003664937942,,"[0.9999045041934607, 0.0009307433984074906]"
49,linear,200,True,no_crossing_within_5000,0.0004060593804,,"[1.0001968603362728, 0.0013490077968095781]"
49,quadratic,100,True,ok,0.0003508981119,1975.012994,"[0.9996305462410143, 3.3695660502033576e-06, 0.0005116138335925731]"
49,quadratic,150,True,ok,0.0002960176062,1784.367625,"[0.9996643942323787, 8.168104146495729e-18, 0.0006270930026903285]"
49,quadratic,200,True,ok,0.0002634218919,1738.801639,"[0.9996908586764325, 3.3552973549977186e-08, 0.0006604756850044791]"
49,power,100,True,ok,0.000336087901,681.5743876,"[0.9996175741033935, 0.000630462105538844, 2.99999999928169]"
49,power,150,True,ok,0.0002818440593,988.1386164,"[0.9995865510213869, 0.000499297085433822, 2.6153251927361385]"
49,power,200,True,ok,0.0002489016298,1247.41579,"[0.999596504488991, 0.0005195522852972683, 2.3581178587208225]"
49,exponential,100,True,ok,0.0003440014783,290.7795178,"[0.9996337629223426, 3.249275619353237e-05, 2.999999937074095]"
49,exponential,150,True,ok,0.0002950828961,397.9362335,"[0.9996220703202056, 8.681162099768342e-05, 1.9452552565094225]"
49,exponential,200,True,ok,0.0002675435419,530.0122166,"[0.9996837286119769, 0.0002465544609435219, 1.2637710762906151]"
