strategy,strategy_code,n_training_batteries,n_conditionally_stable_lifetimes,n_moderate_model_sensitivity,n_high_model_sensitivity,n_wide_intervals,n_unresolved_lifetimes,SOH_150_n_valid,SOH_150_mean,SOH_150_median,SOH_150_std,SOH_150_q1,SOH_150_q3,SOH_150_mean_ci95_low,SOH_150_mean_ci95_high,SOH_200_n_valid,SOH_200_mean,SOH_200_median,SOH_200_std,SOH_200_q1,SOH_200_q3,SOH_200_mean_ci95_low,SOH_200_mean_ci95_high,slope_50_200_per100_n_valid,slope_50_200_per100_mean,slope_50_200_per100_median,slope_50_200_per100_std,slope_50_200_per100_q1,slope_50_200_per100_q3,slope_50_200_per100_mean_ci95_low,slope_50_200_per100_mean_ci95_high,estimated_life_n_valid,estimated_life_mean,estimated_life_median,estimated_life_std,estimated_life_q1,estimated_life_q3,estimated_life_mean_ci95_low,estimated_life_mean_ci95_high
3_6C-80PER_3_6C,S1,2,0,0,2,0,0,2,0.9997447318,0.9997447318,0.005152480861,0.9979230547,1.001566409,0.9961013776,1.003388086,2,0.9968152004,0.9968152004,0.00259822997,0.9958965873,0.9977338134,0.9949779743,0.9986524264,2,-0.002784711572,-0.002784711572,0.0009910352589,-0.003135095448,-0.002434327696,-0.003485479324,-0.00208394382,2,1407.778595,1407.778595,315.6325062,1296.185652,1519.371538,1184.59271,1630.96448
80PER_3_6C,S2,2,0,1,1,0,0,2,0.9869891809,0.9869891809,0.01297846129,0.9824006019,0.9915777599,0.9778120229,0.9961663389,2,0.9804903002,0.9804903002,0.01833167726,0.9740090735,0.9869715268,0.9675278469,0.9934527535,2,-0.01056058,-0.01056058,0.009959800473,-0.01408190123,-0.007039258778,-0.01760322246,-0.003517937551,2,930.6987961,930.6987961,368.1811517,800.5271016,1060.870491,670.3554071,1191.042185
4_8C_80PER_4_8C,S3,2,0,0,2,0,0,2,0.992124536,0.992124536,0.003557295631,0.9908668421,0.99338223,0.9896091482,0.9946399239,2,0.9854612775,0.9854612775,0.005827930906,0.9834007928,0.9875217622,0.981340308,0.989582247,2,-0.00932095712,-0.00932095712,0.004138939156,-0.01078429309,-0.007857621148,-0.01224762906,-0.006394285176,2,776.0733377,776.0733377,174.7129766,714.3029724,837.8437029,652.5326072,899.6140682
5C_67PER_4C_NEWSTRUCTURE,S4,6,0,2,4,0,0,6,0.9972955644,0.9973085539,0.0006117808386,0.9969347719,0.9975255461,0.9968636957,0.9977652278,6,0.9954672546,0.9952169235,0.0006751540401,0.9949361516,0.9960369277,0.9949978985,0.9959754052,6,-0.002836580316,-0.003033401388,0.0005031876692,-0.003215644158,-0.002428971837,-0.003188498941,-0.002469482377,6,1406.38344,1362.448906,142.4783174,1306.51862,1526.934268,1303.531426,1509.855374
5_3C_54PER_4C_NEWSTRUCTURE,S5,7,0,3,4,0,0,7,0.9970531916,0.9972952629,0.00108965728,0.9960965629,0.9978809324,0.9963215424,0.9977907055,7,0.9954303541,0.9952886918,0.001230048569,0.9945744006,0.9963089737,0.9945958761,0.9962927307,7,-0.002745219094,-0.00287386046,0.000765799192,-0.003145342436,-0.002327126522,-0.003250756351,-0.00220444016,7,1463.705836,1426.127053,175.0450201,1337.984361,1544.476126,1352.729378,1593.392022
5_6C_19PER_4_6C_NEWSTRUCTURE,S6,7,0,3,4,0,0,7,0.9962108168,0.9962870081,0.0005636364961,0.9957379174,0.9963950213,0.9958720047,0.9966382133,7,0.9939058309,0.9937721728,0.0007629338268,0.9933486451,0.9943560951,0.993413871,0.9944616914,7,-0.003575846788,-0.003582923081,0.0005585208337,-0.00400894763,-0.003085201552,-0.003965728582,-0.003207371491,7,1354.625948,1333.204184,232.5934138,1158.548632,1492.617853,1206.040044,1520.194665
5_6C_36PER_4_3C_NEWSTRUCTURE,S7,7,0,2,5,0,0,7,0.9967162155,0.9965804691,0.001090580029,0.995953319,0.9974962494,0.9959993044,0.9974820819,7,0.9946923355,0.9942263059,0.001453310342,0.9935857537,0.9958725072,0.9937399343,0.9957363672,7,-0.00311151818,-0.003551131165,0.0008402324169,-0.003686015588,-0.002431464592,-0.003656881945,-0.002541442043,7,1460.062581,1473.731023,253.953065,1264.927039,1595.234117,1290.057195,1637.396305
3_7C_31PER_5_9C_NEWSTRUCTURE,S8,2,1,1,0,0,0,2,0.9748894899,0.9748894899,0.00543846712,0.9729667014,0.9768122784,0.9710439129,0.9787350669,2,0.9659456597,0.9659456597,0.007873751496,0.9631618681,0.9687294512,0.9603780766,0.9715132428,2,-0.01856011083,-0.01856011083,0.005055018963,-0.02034732992,-0.01677289173,-0.02213454901,-0.01498567264,2,1017.323528,1017.323528,454.6398521,856.5840665,1178.062989,695.8446053,1338.80245
4_8C_80PER_4_8C_NEWSTRUCTURE,S9,5,0,2,3,0,0,5,0.9887954235,0.9982209931,0.02079547609,0.9974989319,0.9983066831,0.9701300953,0.9983068687,5,0.9873630487,0.9967894897,0.02102918035,0.9957860189,0.9970277226,0.9685039455,0.9971494527,5,-0.002240811997,-0.001999693054,0.0008095884005,-0.002689818393,-0.001677276261,-0.002870985443,-0.001653889626,5,1551.083527,1649.167402,305.1676831,1389.944278,1738.801639,1315.650577,1774.195005
