C1,Q1,C2,phase1_ideal_minutes,phase2_ideal_minutes,T_ideal_physical,T_ideal_as_written_minus,nearest_observed_distance_normalized,nearest_observed_index,inside_rectangle,inside_convex_hull,inside_trust_region,inside_main_domain,predicted_charge_time,predicted_charge_time_se,predicted_SOH200,predicted_SOH200_se,predicted_slope50_200,predicted_slope50_200_se,predicted_degradation_rate,predicted_degradation_rate_se,predicted_EOL,predicted_EOL_se,stress_p,soc_weighted_stress,SOH200_harm_predicted,EOL_harm_predicted,pareto_rank,optimization_response,optimization_harm,normalized_time,normalized_degradation,distance_to_ideal,recommendation_type
5.0,28.0,4.9,3.3600000000000003,6.36734693877551,9.727346938775511,-3.00734693877551,0.3826513837107855,2,True,True,True,True,9.951054485738824,0.432879390839616,0.992654561575768,0.0007752043084343949,-0.004380650083250688,0.0004140623847549967,0.004380650083250688,0.0004140623847549967,1339.5473487413228,45.54503197544689,2.0,24.356500000000004,0.007345438424231965,-1339.5473487413228,39,slope50_200,0.004380650083250688,0.14278411684162634,0.5339110496659824,0.5526737853179525,fast_charge
4.85,55.0,4.85,6.804123711340207,3.0927835051546393,9.896907216494846,3.7113402061855676,0.41152234714075303,5,True,True,True,True,10.120614763458159,0.432879390839616,0.995652324911792,0.0005279141199242749,-0.0026707193746947624,0.0002904445381886143,0.0026707193746947624,0.0002904445381886143,1472.1569187839043,57.58969633072123,2.0,23.522499999999994,0.004347675088207992,-1472.1569187839043,120,slope50_200,0.0026707193746947624,0.3235400678502031,0.29050432293945083,0.4348228802064385,knee
4.75,60.0,4.8,7.578947368421052,2.5,10.078947368421051,5.078947368421052,0.32892325121282556,5,True,True,True,True,10.302654915384364,0.432879390839616,0.997437362426892,0.00044278411567815563,-0.0016218503495496574,0.00025098304369655953,0.0016218503495496574,0.00025098304369655953,1619.107921481972,90.12911937286884,2.0,22.681874999999998,0.0025626375731080397,-1619.107921481972,237,slope50_200,0.0016218503495496574,0.5175999103189269,0.14119898857825552,0.5365135800123643,longevity
5.0,28.0,4.9,3.3600000000000003,6.36734693877551,9.727346938775511,-3.00734693877551,0.3826513837107855,2,True,True,True,True,9.951054485738824,0.432879390839616,0.992654561575768,0.0007752043084343949,-0.004380650083250688,0.0004140623847549967,0.004380650083250688,0.0004140623847549967,1339.5473487413228,45.54503197544689,2.0,24.356500000000004,0.007345438424231965,-1339.5473487413228,39,SOH200,0.007345438424231965,0.14278411684162634,0.5194209552922527,0.5386886232499807,fast_charge
4.85,58.0,4.9,7.175257731958763,2.6938775510204076,9.86913528297917,4.4813801809383556,0.36542463657722224,5,True,True,True,True,10.092842829942484,0.432879390839616,0.9952699167475455,0.0005475320086731123,-0.002891840367646589,0.00029980840498176686,0.002891840367646589,0.00029980840498176686,1449.9871023101089,54.074106798406696,2.0,23.6565625,0.004730083252454498,-1449.9871023101089,108,SOH200,0.004730083252454498,0.2939344177445688,0.307320032438896,0.42525644530457474,knee
4.75,60.0,4.8,7.578947368421052,2.5,10.078947368421051,5.078947368421052,0.32892325121282556,5,True,True,True,True,10.302654915384364,0.432879390839616,0.997437362426892,0.00044278411567815563,-0.0016218503495496574,0.00025098304369655953,0.0016218503495496574,0.00025098304369655953,1619.107921481972,90.12911937286884,2.0,22.681874999999998,0.0025626375731080397,-1619.107921481972,237,SOH200,0.0025626375731080397,0.5175999103189269,0.13154381902637197,0.5340537833273014,longevity
5.0,28.0,4.9,3.3600000000000003,6.36734693877551,9.727346938775511,-3.00734693877551,0.3826513837107855,2,True,True,True,True,9.951054485738824,0.432879390839616,0.992654561575768,0.0007752043084343949,-0.004380650083250688,0.0004140623847549967,0.004380650083250688,0.0004140623847549967,1339.5473487413228,45.54503197544689,2.0,24.356500000000004,0.007345438424231965,-1339.5473487413228,39,EOL,-1339.5473487413228,0.14278411684162634,0.8159144757016423,0.8283137905900934,fast_charge
4.8,54.0,4.75,6.750000000000002,3.28421052631579,10.034210526315793,3.465789473684212,0.42704111562382635,5,True,True,True,True,10.257918073279106,0.432879390839616,0.9970885571951332,0.00046173364979237673,-0.001829384419305002,0.0002598465760548533,0.001829384419305002,0.0002598465760548533,1582.341500375175,80.84775566453277,2.0,22.8848125,0.0029114428048667707,-1582.341500375175,209,EOL,-1582.341500375175,0.4699091979149185,0.485561683633576,0.6757105910803197,knee
4.75,60.0,4.8,7.578947368421052,2.5,10.078947368421051,5.078947368421052,0.32892325121282556,5,True,True,True,True,10.302654915384364,0.432879390839616,0.997437362426892,0.00044278411567815563,-0.0016218503495496574,0.00025098304369655953,0.0016218503495496574,0.00025098304369655953,1619.107921481972,90.12911937286884,2.0,22.681874999999998,0.0025626375731080397,-1619.107921481972,238,EOL,-1619.107921481972,0.5175999103189269,0.4355362205602422,0.6764624650208326,longevity
