strategy,strategy_code,C1,Q1,C2,dataset_id,is_newstructure,n_training_batteries,mean_chargetime,SOH_150_mean,SOH_150_median,SOH_150_std,SOH_200_mean,SOH_200_median,SOH_200_std,SOH_slope_50_200_per100_mean,SOH_slope_50_200_per100_median,SOH_slope_50_200_per100_std,SOH_curvature_per100sq_mean,SOH_curvature_per100sq_median,SOH_curvature_per100sq_std,eol_point_mean,eol_point_median,eol_point_std,stress_p,soc_weighted_stress,phase1_exposure,phase2_exposure,phase1_ideal_minutes,phase2_ideal_minutes,T_ideal_physical,T_ideal_as_written_minus,actual_minus_physical_minutes,degradation_rate,SOH200_harm,EOL_harm
3_6C-80PER_3_6C,S1,3.6,80,3.6,1,0,2,13.382242365,0.9997447318,0.9997447318,0.0051524809221689,0.99681520035,0.99681520035,0.002598229997055,-0.002784711572,-0.002784711572,0.0009910352589521,-0.005969745409,-0.005969745409,0.0030100255189583,1407.778595,1407.778595,315.63250549724205,3.0,46.656000000000006,3.6,0.0,13.333333333333332,0.0,13.333333333333332,13.333333333333332,0.0489090316666676,0.002784711572,0.0031847996499999587,-1407.778595
80PER_3_6C,S2,,80,3.6,2,0,2,13.396888955,0.9869891809,0.9869891809,0.0129784613076406,0.9804903002,0.9804903002,0.0183316772584877,-0.0105605800055,-0.0105605800055,0.0099598004740984,-0.0046707407865,-0.0046707407865,0.0016046352441932,930.69879605,930.69879605,368.18115152726375,3.0,,,0.0,,0.0,,,,0.0105605800055,0.019509699799999947,-930.69879605
4_8C_80PER_4_8C,S3,4.8,80,4.8,2,0,2,10.45034079,0.99212453605,0.99212453605,0.0035572956120984,0.9854612775,0.9854612775,0.0058279309570258,-0.009320957118,-0.009320957118,0.0041389391529932,-0.01052824407,-0.01052824407,0.0018505665124639,776.0733377,776.0733377,174.71297657857946,3.0,110.59199999999998,4.8,0.0,10.0,0.0,10.0,10.0,0.45034079000000027,0.009320957118,0.01453872249999999,-776.0733377
5C_67PER_4C_NEWSTRUCTURE,S4,5.0,67,4.0,3,1,6,10.04316775,0.9972955643666668,0.9973085539,0.0006117808430113,0.9954672545833332,0.9952169235,0.0006751540385733,-0.0028365803156666,-0.003033401388,0.0005031876691976,-0.0031485079338333,-0.003103571213,0.0010599498037576,1406.3834401666666,1362.4489055,142.4783172908071,3.0,115.0875,4.1875,0.65,8.040000000000001,1.9500000000000002,9.990000000000002,6.090000000000001,0.05316774999999829,0.003033401388,0.004783076499999983,-1362.4489055
5_3C_54PER_4C_NEWSTRUCTURE,S5,5.3,54,4.0,3,1,7,10.04273446,0.9970531916142856,0.9972952629,0.0010896572923064,0.9954303541285714,0.9952886918,0.0012300485731904,-0.0027452190938571,-0.00287386046,0.0007657991919533,-0.0031028772074285,-0.003085262043,0.000686480564943,1463.705835571429,1426.127053,175.04502005969712,3.0,121.291975,3.5775,1.3,6.113207547169813,3.9000000000000004,10.013207547169813,2.2132075471698123,0.029526912830187158,0.00287386046,0.004711308199999986,-1426.127053
5_6C_19PER_4_6C_NEWSTRUCTURE,S6,5.6,19,4.6,3,1,7,10.042953047142856,0.9962108168142856,0.9962870081,0.0005636364810152,0.9939058309,0.9937721728,0.0007629338268707,-0.0035758467881428,-0.003582923081,0.0005585208335627,-0.0028399854417142,-0.003180384022,0.0011323820627872,1354.6259478571428,1333.204184,232.5934139179024,3.0,115.92749999999998,1.3299999999999998,3.5074999999999994,2.035714285714286,7.9565217391304355,9.992236024844722,-5.920807453416149,0.050717022298133685,0.003582923081,0.006227827200000036,-1333.204184
5_6C_36PER_4_3C_NEWSTRUCTURE,S7,5.6,36,4.3,3,1,7,10.04296376,0.9967162155,0.9965804691,0.0010905800337234,0.9946923355,0.9942263059,0.0014533103419246,-0.0031115181801428,-0.003551131165,0.0008402324169102,-0.002573910663,-0.002543057876,0.0010088160858413,1460.0625814285715,1473.731023,253.9530649288116,3.0,122.75605,2.52,2.365,3.857142857142857,6.1395348837209305,9.996677740863788,-2.2823920265780733,0.04628601913621111,0.003551131165,0.005773694099999949,-1473.731023
3_7C_31PER_5_9C_NEWSTRUCTURE,S8,3.7,31,5.9,3,1,2,10.13354416,0.9748894899,0.9748894899,0.00543846714855,0.9659456597,0.9659456597,0.0078737515296592,-0.018560110825,-0.018560110825,0.0050550189590912,-0.00172880313866,-0.00172880313866,0.0023981329375663,1017.32352765,1017.32352765,454.63985200445705,3.0,145.42267500000003,1.43375,3.613750000000001,5.027027027027027,4.983050847457626,10.010077874484654,0.04397617956940092,0.12346628551534522,0.018560110825,0.034054340299999986,-1017.32352765
4_8C_80PER_4_8C_NEWSTRUCTURE,S9,4.8,80,4.8,3,1,5,11.039081292,0.98879542354,0.9982209931,0.020795476087137,0.98736304874,0.9967894897,0.0210291803623508,-0.0022408119976,-0.001999693054,0.0008095884007131,-0.0026929060284,-0.002813359474,0.0007418859950436,1551.0835274,1649.167402,305.16768301101587,3.0,110.59199999999998,4.8,0.0,10.0,0.0,10.0,10.0,1.0390812920000005,0.001999693054,0.003210510299999969,-1649.167402
