battery_id,strategy,strategy_code,dataset_id,prediction_test,a,d1,d2,R100,R200,A,quadratic_eol,d1_lower_boundary,d2_lower_boundary,a_lower_boundary,a_upper_boundary,physical_parameter_status,SOH_slope_1_50_per100,SOH_slope_50_100_per100,SOH_slope_100_150_per100,SOH_slope_150_200_per100,SOH_slope_50_200_per100,SOH_150,SOH_200,mean_chargetime_observed,mean_Tavg_observed,mean_IR_observed,reliability,quadratic_fit_rmse,quadratic_fit_status,C1,Q1,C2,mean_chargetime,SOH_150_feature,SOH_200_feature,SOH_slope_1_50_per100_feature,SOH_slope_50_100_per100_feature,SOH_slope_100_150_per100_feature,SOH_slope_150_200_per100_feature,SOH_slope_50_200_per100_feature,initial_capacity,IR0,IR_mean_1_50,IR_delta_early,IR_slope_1_50_per100,Tavg0,Tavg_mean_1_50,Tavg_delta_early,Tavg_slope_1_50_per100,chargetime0,chargetime_mean_1_50,chargetime_delta_early,chargetime_slope_1_50_per100
1,3_6C-80PER_3_6C,S1,1,0,1.0060130435292498,3.726567773559597e-18,0.0014681032741293404,0.0029362065482586848,0.005872413096517365,0.002936206548258681,1184.592709541797,True,False,False,False,physical,0.006312741149,-0.002002948663,-0.003030557829,-0.008619981997,-0.003485479324,1.003388086,0.9986524264,13.38635311,31.59317025,0.01667720023,high_model_sensitivity,0.001000064249,ok,3.6,80,3.6,13.38635311,1.003388086,0.9986524264,0.006312741149,-0.002002948663,-0.003030557829,-0.008619981997,-0.003485479324,1.0706892,0.0166426245,0.0166591054,-3.0360499999999846e-05,-5.1115151515150735e-05,31.911114974999997,31.616020144999997,-0.30205955499999604,-0.4553981904761951,13.383304169999999,13.3839792336,-0.0006783399999985562,0.0009090909090887903
3,3_6C-80PER_3_6C,S1,1,0,0.9979037921299934,3.041181220839491e-22,0.0007439865941032677,0.0014879731882065355,0.002975946376413071,0.0014879731882065355,1630.9644804673558,True,False,False,False,physical,0.005687964576,-0.001654943736,-0.002114920976,-0.002110644922,-0.00208394382,0.9961013776,0.9949779743,13.37813162,31.42082179,0.01682848344,high_model_sensitivity,0.0006639198909,ok,3.6,80,3.6,13.37813162,0.9961013776,0.9949779743,0.005687964576,-0.001654943736,-0.002114920976,-0.002110644922,-0.00208394382,1.0880535,0.016708031999999998,0.01674246159,4.093900000000372e-05,0.00013964761904763394,31.880072285,31.526384621000002,-0.47590755999999956,-1.0712727777777729,13.34142167,13.378518766799997,0.00010332999999995707,-0.0001818181818166815
4,80PER_3_6C,S2,2,0,1.0000067676368765,0.010397532520962332,0.002899715124367346,0.016196962769697024,0.021996393018431717,0.005799430248734692,670.3554070700999,False,False,False,False,physical,-0.0117497494,-0.01457603831,-0.01773264517,-0.02072018062,-0.01760322246,0.9778120229,0.9675278469,13.41767052,31.93909161,0.01721341416,high_model_sensitivity,9.524760204e-05,ok,,80,3.6,13.41767052,0.9778120229,0.9675278469,-0.0117497494,-0.01457603831,-0.01773264517,-0.02072018062,-0.01760322246,1.024101,0.017004166,0.017075093319999998,8.729550000000086e-05,0.00033602105263158105,32.081710685000004,31.8910240958,-0.03016715500000089,-0.7311203999999805,13.4257225,13.393139633199999,-0.02716916499999833,0.0008125000000025473
6,80PER_3_6C,S2,2,0,0.999290902077371,5.715045781901452e-07,0.0014048124627837617,0.0028101964301457134,0.005619821355713237,0.0028096249255675234,1191.0421851580425,False,False,False,False,physical,0.00117734634,-0.002450787028,-0.003539984475,-0.00503007804,-0.003517937551,0.9961663389,0.9934527535,13.37610739,32.50758998,0.01714674952,moderate_model_sensitivity,0.0002806529043,ok,,80,3.6,13.37610739,0.9961663389,0.9934527535,0.00117734634,-0.002450787028,-0.003539984475,-0.00503007804,-0.003517937551,1.0364138,0.016955936499999998,0.0170657419,0.00015227100000000243,0.00045118749999999846,32.82010905,32.592820388,-0.2503983949999977,-0.9278664583333077,13.34169,13.3769153002,-0.0001833349999991185,9.80588235342887e-05
7,4_8C_80PER_4_8C,S3,2,0,0.9999842030520363,2.362697053671679e-09,0.002471059306981637,0.004942120976660328,0.009884239590623602,0.004942118613963274,899.6140681831477,True,False,False,False,physical,0.005242576542,-0.003132256878,-0.00608952599,-0.01021453324,-0.006394285176,0.9946399239,0.989582247,10.05825399,30.06863134,0.01715614308,high_model_sensitivity,0.0008399529949,ok,4.8,80,4.8,10.05825399,0.9946399239,0.989582247,0.005242576542,-0.003132256878,-0.00608952599,-0.01021453324,-0.006394285176,1.0734261,0.017259342499999997,0.0170860938,-0.00016389899999999513,-0.00014082608695652259,30.077418780000002,30.121281660999998,0.026503155000000334,-0.31661652380952615,10.050365,10.0538488994,9.833500000056006e-05,-0.0002027027026998298
8,4_8C_80PER_4_8C,S3,2,0,1.000283367892493,6.516065541681806e-10,0.004703708935309259,0.009407418522225071,0.01881483639284359,0.009407417870618518,652.532607188647,True,False,False,False,physical,0.001844604325,-0.006666952726,-0.01253984979,-0.01613017443,-0.01224762906,0.9896091482,0.981340308,10.84242759,29.61042883,0.01716511076,high_model_sensitivity,0.0005329548391,ok,4.8,80,4.8,10.84242759,0.9896091482,0.981340308,0.001844604325,-0.006666952726,-0.01253984979,-0.01613017443,-0.01224762906,1.0721645,0.0175116185,0.01725345448,-0.0003567930000000011,-0.0006017800000000002,30.880048115,30.306248893000003,-1.4249235600000034,-2.534568833333329,10.0083275,10.0491569334,0.04213666500000102,0.00010257692307865578
12,5_6C_19PER_4_6C_NEWSTRUCTURE,S6,3,0,0.9997229397999289,0.0009718167578682793,0.0008606643009454623,0.002693145359759204,0.004414473961650128,0.0017213286018909245,1467.929297130451,False,False,False,False,physical,-0.0001709939171,-0.002939301229,-0.002802961825,-0.00474222227,-0.002947250492,0.9964181643,0.9941379258,10.04343997,37.33867627,0.0145487506,high_model_sensitivity,0.0002297046841,ok,5.6,19,4.6,10.04343997,0.9964181643,0.9941379258,-0.0001709939171,-0.002939301229,-0.002802961825,-0.00474222227,-0.002947250492,1.0632137,0.014769454500000001,0.01465480806,-0.00013130250000000128,-0.0002962181818181858,36.142940155000005,36.551433501,0.6551372149999963,1.3951034374999782,10.043783335,10.0435820004,-0.0002841700000004721,-0.00022549999999575769
13,5_6C_36PER_4_3C_NEWSTRUCTURE,S7,3,0,0.9997499549968922,0.0005019737093446061,0.0008856471610383403,0.0022732680314212867,0.004044562353497967,0.0017712943220766805,1473.7310232233795,False,False,False,False,physical,0.001323568851,-0.002627230365,-0.002525440403,-0.004029765172,-0.002653630519,0.9970293212,0.9951664712,10.04134874,36.31134139,0.01501792762,high_model_sensitivity,0.0001955754414,ok,5.6,36,4.3,10.04134874,0.9970293212,0.9951664712,0.001323568851,-0.002627230365,-0.002525440403,-0.004029765172,-0.002653630519,1.0655342,0.014962209,0.014985715539999998,4.8837999999998966e-05,0.00010490000000003621,36.1256288,35.9997567414,-0.15808459500000538,-0.26047050000030936,10.04148,10.0416812668,-0.0001499999999996504,-0.0013333333333420683
15,5_6C_36PER_4_3C_NEWSTRUCTURE,S7,3,0,0.9996900276190905,7.211181151778614e-05,0.0014926697348699525,0.0030574512812576913,0.006042790750997596,0.002985339469739905,1154.221977383044,False,False,False,False,physical,0.0007674567198,-0.003076530462,-0.003730038183,-0.00557217163,-0.00369836592,0.9961804828,0.9935756156,10.0420817,35.90416732,0.01517998674,moderate_model_sensitivity,0.000200759658,ok,5.6,36,4.3,10.0420817,0.9961804828,0.9935756156,0.0007674567198,-0.003076530462,-0.003730038183,-0.00557217163,-0.00369836592,1.0540558,0.015312695000000001,0.015190126100000001,-0.0001274459999999998,-0.00014289230769231579,35.20264205,35.345879611799994,0.21276802999999944,0.7670766399999991,10.0420975,10.0421005996,1.4999999999432134e-05,0.00027378571429029615
17,4_8C_80PER_4_8C_NEWSTRUCTURE,S9,3,0,0.9996238571307028,2.4693876133655967e-07,0.0005695649953694574,0.0011393769295002514,0.002278506920239166,0.0011391299907389147,1872.1021731022938,False,False,False,False,physical,0.0008019310596,-0.001450400174,-0.00140666714,-0.001679003517,-0.001423354007,0.9983499922,0.9974511644,11.04012547,32.96613104,0.01544054327,high_model_sensitivity,0.0003342825065,ok,4.8,80,4.8,11.04012547,0.9983499922,0.9974511644,0.0008019310596,-0.001450400174,-0.00140666714,-0.001679003517,-0.001423354007,1.070919,0.0154661525,0.015424359340000002,-6.220799999999936e-05,-0.00013741428571428495,32.652684914999995,32.744174913799995,0.1736549400000058,0.38552918181816215,11.038144165,11.040512399399997,0.0011999999999989797,-0.0009133600000055254
18,5C_67PER_4C_NEWSTRUCTURE,S4,3,0,0.9998176842115165,8.856863358447234e-11,0.0012607912663639372,0.0025215826212965082,0.005043165154024382,0.0025215825327278745,1258.9119719933055,True,False,False,False,physical,0.001836183696,-0.002825066502,-0.003334446755,-0.003618778662,-0.003276316358,0.9968780797,0.9948971111,10.04330992,33.26097257,0.01523720011,moderate_model_sensitivity,0.0004180230235,ok,5.0,67,4.0,10.04330992,0.9968780797,0.9948971111,0.001836183696,-0.002825066502,-0.003334446755,-0.003618778662,-0.003276316358,1.0687144,0.015342989500000001,0.015269705639999997,-9.605350000000193e-05,-0.00019514999999999656,32.905550295,32.9703735578,0.12133391000000415,0.3794327499999639,10.04328417,10.043454232999999,-0.0004966700000004209,-0.0007592222222364677
19,5_3C_54PER_4C_NEWSTRUCTURE,S5,3,0,0.9998210590100024,2.441234164442596e-13,0.0006472834168364555,0.0012945668339170344,0.002589133667589945,0.001294566833672911,1757.0065794736151,True,False,False,False,physical,0.00052221663,-0.001502266153,-0.001620467369,-0.002295165675,-0.0016184184,0.9984097256,0.997144473,10.04145418,33.25028726,0.01582847896,high_model_sensitivity,0.0003853215936,ok,5.3,54,4.0,10.04145418,0.9984097256,0.997144473,0.00052221663,-0.001502266153,-0.001620467369,-0.002295165675,-0.0016184184,1.0733707,0.015835068,0.015789372,-4.967250000000034e-05,-0.00010567692307692621,32.97541364,33.022674938,0.10341031500000497,0.3559817142857215,10.041775000000001,10.041287432799999,-0.0006691650000014704,-7.290625000377915e-05
20,4_8C_80PER_4_8C_NEWSTRUCTURE,S9,3,0,0.9998685258895389,1.3412521394358792e-08,0.00103454461386232,0.0020691026402460343,0.004138191867970675,0.00206908922772464,1389.9442784666644,False,False,False,False,physical,0.00204769743,-0.00229722986,-0.002645372582,-0.003209761733,-0.002689818393,0.9974989319,0.9957860189,11.03937783,32.71217193,0.01537341533,moderate_model_sensitivity,0.0003452731359,ok,4.8,80,4.8,11.03937783,0.9974989319,0.9957860189,0.00204769743,-0.00229722986,-0.002645372582,-0.003209761733,-0.002689818393,1.0650008,0.015460576,0.0153774425,-9.649500000000026e-05,-0.00011735999999999461,32.43491176,32.4680075696,0.0808919500000016,0.2747273846153757,11.0392325,11.0409185662,-0.0013441650000007854,-0.00220588235294126
21,5_6C_19PER_4_6C_NEWSTRUCTURE,S6,3,0,0.9999541670600458,0.0007052166078838869,0.0013876423063383099,0.003480501220560507,0.006255785833237127,0.0027752846126766198,1175.2596342059178,False,False,False,False,physical,-0.0001142507821,-0.003601165775,-0.004086705571,-0.004958917855,-0.004189451675,0.9957174608,0.9931672837,10.04235453,34.42251757,0.015513438,moderate_model_sensitivity,0.0002806306945,ok,5.6,19,4.6,10.04235453,0.9957174608,0.9931672837,-0.0001142507821,-0.003601165775,-0.004086705571,-0.004958917855,-0.004189451675,1.0707607,0.015560412499999999,0.015525612939999999,-4.067449999999896e-05,-8.98599999999989e-05,34.04844619,34.106664748200004,0.13478647000000166,0.43663059375000923,10.042273335,10.042158666199999,-8.750499999976569e-05,0.00038329999998865105
22,5_6C_36PER_4_3C_NEWSTRUCTURE,S7,3,0,0.9997279519140132,3.1753636247956236e-05,0.0007740075740182182,0.0015797687842843927,0.003127783932320829,0.0015480151480364364,1604.324626526819,False,False,False,False,physical,0.001076197851,-0.001931557341,-0.001690241155,-0.002534973283,-0.001917333501,0.9979631777,0.9965785433,10.04253499,33.40710109,0.01606545915,high_model_sensitivity,0.0002803918288,ok,5.6,36,4.3,10.04253499,0.9979631777,0.9965785433,0.001076197851,-0.001931557341,-0.001690241155,-0.002534973283,-0.001917333501,1.076943,0.0160795195,0.0160407868,-4.561850000000048e-05,-0.00011752812500000296,33.04479697,33.142525416999995,0.1814471500000039,0.4573817500000743,10.0419925,10.042545100000002,0.0004024999999998613,0.0006357777777757881
23,5_6C_19PER_4_6C_NEWSTRUCTURE,S6,3,0,0.999876060478212,0.00029905838122782946,0.001598654641481321,0.0034963676641904715,0.006693676947153114,0.003197309282962642,1108.843394411142,False,False,False,False,physical,0.000787393838,-0.003640674512,-0.004181472844,-0.005085120637,-0.004312455579,0.995758374,0.9930244044,10.04234464,34.34268106,0.01507903914,moderate_model_sensitivity,0.0004422256627,ok,5.6,19,4.6,10.04234464,0.995758374,0.9930244044,0.000787393838,-0.003640674512,-0.004181472844,-0.005085120637,-0.004312455579,1.0696447,0.015193525,0.01515102698,-6.812850000000037e-05,-0.0002418677419354817,33.97088325,34.0253580456,0.13589109500000518,0.6653797222222282,10.042395835,10.0420689664,-0.00040167000000224107,-0.00026040624999668083
26,5_3C_54PER_4C_NEWSTRUCTURE,S5,3,0,0.9985618030715351,2.3110285412981476e-09,0.00110731735387139,0.002214637018771321,0.004429271726514101,0.00221463470774278,1339.0961671215273,True,False,False,False,physical,6.127333287e-05,-0.001900922321,-0.003179693542,-0.003230269995,-0.002885738232,0.9959444915,0.9944397446,10.04224153,35.33751587,0.01543635231,moderate_model_sensitivity,0.0004954306843,ok,5.3,54,4.0,10.04224153,0.9959444915,0.9944397446,6.127333287e-05,-0.001900922321,-0.003179693542,-0.003230269995,-0.002885738232,1.069051,0.0154678885,0.015480316700000002,-5.010800000000183e-05,-0.00017965238095238707,34.808782445,34.9281332254,0.133462889999997,0.498364238095255,10.042055000000001,10.0420755334,0.0009391649999983542,0.0017361111111144664
27,5_6C_19PER_4_6C_NEWSTRUCTURE,S6,3,0,1.0001420606922504,0.0022498072239722205,0.0005331319590916348,0.00331607114215549,0.004382335060338759,0.0010662639181832697,1738.001086524034,False,False,False,False,physical,-0.0014557417,-0.003973706305,-0.00292443022,-0.004207406145,-0.003582923081,0.995668424,0.9935300065,10.04310122,35.55678663,0.01502434032,high_model_sensitivity,0.0002409445297,ok,5.6,19,4.6,10.04310122,0.995668424,0.9935300065,-0.0014557417,-0.003973706305,-0.00292443022,-0.004207406145,-0.003582923081,1.0701538,0.01504415,0.0150134358,-2.7140499999998152e-05,-5.566944444444006e-05,35.076886439999996,35.147635113599996,0.13186835999999857,0.3994502500000203,10.042888335,10.042792033200001,-5.000000001587068e-06,0.00011113333332701815
28,5_6C_36PER_4_3C_NEWSTRUCTURE,S7,3,0,1.000291381002149,0.002453784047197501,0.0004403790048400163,0.0033345420568775337,0.004215300066557567,0.0008807580096800326,1872.1627563916006,False,False,False,False,physical,-0.001132993927,-0.003900743285,-0.003167476097,-0.004075560566,-0.003551131165,0.9957261552,0.9935958917,10.04321072,35.34140593,0.01548083147,high_model_sensitivity,0.0002017410645,ok,5.6,36,4.3,10.04321072,0.9957261552,0.9935958917,-0.001132993927,-0.003900743285,-0.003167476097,-0.004075560566,-0.003551131165,1.0738997,0.0154968885,0.01546182078,-3.532699999999993e-05,-4.92666666666979e-05,34.88375019,34.9712928772,0.14364015499999994,0.4670707999999971,10.043278335,10.0430157332,-0.0004033349999996716,-6.440909090925247e-05
29,5C_67PER_4C_NEWSTRUCTURE,S4,3,0,0.999804738875296,1.2751120621691523e-07,0.0012020958935843138,0.0024043192983748446,0.004808511085543472,0.0024041917871686276,1289.233401788421,False,False,False,False,physical,0.00137294795,-0.002439172129,-0.002903301164,-0.003797686084,-0.003017894132,0.9971048485,0.995053273,10.04321391,33.2927984,0.0152837456,moderate_model_sensitivity,0.000287213116,ok,5.0,67,4.0,10.04321391,0.9971048485,0.995053273,0.00137294795,-0.002439172129,-0.002903301164,-0.003797686084,-0.003017894132,1.0681109,0.015320355,0.01525430692,-7.046500000000219e-05,-7.37727272727386e-05,32.96436856,33.012113827,0.09406379500000384,0.3149060689655316,10.043089165,10.0432571666,0.00020083499999934418,0.0003333333333325565
30,3_7C_31PER_5_9C_NEWSTRUCTURE,S8,3,0,1.0013685898481446,0.015040946850124652,1.3889813791154803e-10,0.015040947127920928,0.015040947405717204,2.7779627582309606e-10,1338.8024502627054,False,True,False,False,physical,-0.01430570485,-0.01580732207,-0.01463491668,-0.0148534589,-0.01498567264,0.9787350669,0.9715132428,10.11134814,35.23541112,0.01414735971,conditionally_stable,0.0002524116629,ok,3.7,31,5.9,10.11134814,0.9787350669,0.9715132428,-0.01430570485,-0.01580732207,-0.01463491668,-0.0148534589,-0.01498567264,1.0686967,0.013951811500000001,0.014044854439999999,0.0001650559999999985,0.00041174285714285657,34.58641042,34.7076574366,0.21474950500000034,0.6367593999999954,10.066111665000001,10.0684066336,0.00886000499999895,0.029766680000001596
31,5C_67PER_4C_NEWSTRUCTURE,S4,3,0,0.9999132954589426,3.0025663494531877e-12,0.001070551209766872,0.0021411024225363104,0.004282204842070054,0.002141102419533744,1366.5235352507793,True,False,False,False,physical,0.003260758411,-0.001617945782,-0.00303920044,-0.004097656188,-0.003048908644,0.9975122593,0.995380574,10.0418271,34.90875344,0.0155640853,high_model_sensitivity,0.0005797458157,ok,5.0,67,4.0,10.0418271,0.9975122593,0.995380574,0.003260758411,-0.001617945782,-0.00303920044,-0.004097656188,-0.003048908644,1.0511289,0.015675354500000002,0.015558176499999998,-0.0001226900000000017,-9.092799999999707e-05,34.53403324999999,34.5857664228,0.08084792500000759,0.28118699999999386,10.0420075,10.041959932999998,0.0002099999999991553,-0.0003492380952387802
32,5_3C_54PER_4C_NEWSTRUCTURE,S5,3,0,0.9998913231283387,1.5753179807967204e-07,0.0009828169210752708,0.0019657913739486214,0.0039314252160991625,0.0019656338421505416,1426.1270527157565,False,False,False,False,physical,0.00351834077,-0.00156918184,-0.002978163992,-0.003110731628,-0.002750514592,0.9975803717,0.9958309134,10.04242337,35.83041718,0.01566257602,high_model_sensitivity,0.0005617010295,ok,5.3,54,4.0,10.04242337,0.9975803717,0.9958309134,0.00351834077,-0.00156918184,-0.002978163992,-0.003110731628,-0.002750514592,1.0654705,0.0156729065,0.0156333741,-3.885699999999978e-05,-6.690000000000168e-05,35.425145125,35.4790848366,0.08143632499999853,0.28177730769232023,10.0413775,10.042271066200001,0.000803330000000102,0.00029162500000401437
33,5_6C_19PER_4_6C_NEWSTRUCTURE,S6,3,0,0.9998213901392844,2.277471916731135e-08,0.0011242113881648062,0.00224844555104878,0.004496868327378392,0.0022484227763296125,1333.2041837684158,False,False,False,False,physical,0.001452498947,-0.001704121925,-0.003070357472,-0.003840973695,-0.00300736953,0.9972544082,0.9951347588,10.04234366,36.02199454,0.01560758631,high_model_sensitivity,0.0004352901321,ok,5.6,19,4.6,10.04234366,0.9972544082,0.9951347588,0.001452498947,-0.001704121925,-0.003070357472,-0.003840973695,-0.00300736953,1.0758095,0.0156270415,0.015589483300000002,-4.2939500000000255e-05,-8.001153846153768e-05,35.55995567,35.634344660000004,0.14477978000000036,0.45001294999998714,10.042361665000001,10.042096533599999,-0.0007941650000020672,-0.001078947368417603
34,5_6C_36PER_4_3C_NEWSTRUCTURE,S7,3,0,0.9998361605117256,6.502241842092987e-11,0.001405636079699191,0.0028112722244208006,0.005622544383819182,0.002811272159398382,1192.341306609216,True,False,False,False,physical,0.001762839426,-0.002759381295,-0.003851652367,-0.004365866406,-0.003673665256,0.9965804691,0.9942263059,10.04498936,35.54551888,0.01493029507,moderate_model_sensitivity,0.00026205032,ok,5.6,36,4.3,10.04498936,0.9965804691,0.9942263059,0.001762839426,-0.002759381295,-0.003851652367,-0.004365866406,-0.003673665256,1.0644526,0.014971787,0.0149151158,-4.921750000000044e-05,-9.35128205128167e-05,35.125359695,35.207781985,0.12537113499999464,0.3888848000000422,10.044789999999999,10.045042666199999,0.0004491650000009173,0.0001874999999984528
35,3_7C_31PER_5_9C_NEWSTRUCTURE,S8,3,0,1.0018694547100901,0.017977910831506964,0.0015855261725875257,0.021148963176682016,0.024320015521857065,0.0031710523451750515,695.8446052944973,False,False,False,False,physical,-0.0170625795,-0.02117006221,-0.02240599376,-0.02142836132,-0.02213454901,0.9710439129,0.9603780766,10.15574018,36.12447242,0.0135663474,moderate_model_sensitivity,0.0003603831005,ok,3.7,31,5.9,10.15574018,0.9710439129,0.9603780766,-0.0170625795,-0.02117006221,-0.02240599376,-0.02142836132,-0.02213454901,1.0526985,0.013185647,0.01331962268,0.0002486559999999999,0.0006308692307692218,35.379226259999996,35.5159833616,0.23040120500000683,0.6250679047619133,10.058305,10.066663233,0.023559164999998217,0.06301855555555451
36,5_3C_54PER_4C_NEWSTRUCTURE,S5,3,0,0.999863239935383,1.3545507357484716e-08,0.0011182850399445894,0.0022365836253965365,0.004473153705285715,0.002236570079889179,1336.872554265517,False,False,False,False,physical,0.001419443529,-0.002034045851,-0.003045154278,-0.003691080634,-0.00287386046,0.9972952629,0.9952886918,10.04299226,32.4113852,0.01558392666,moderate_model_sensitivity,0.000341465139,ok,5.3,54,4.0,10.04299226,0.9972952629,0.9952886918,0.001419443529,-0.002034045851,-0.003045154278,-0.003691080634,-0.00287386046,1.0723398,0.0156310355,0.015573748679999999,-6.942550000000117e-05,-0.00014674499999999847,32.15718956,32.1735149218,0.03840977000000123,0.20584073076924245,10.04373417,10.043312499999999,-0.00018500500000051545,-4.5454545468973343e-05
37,5C_67PER_4C_NEWSTRUCTURE,S4,3,0,0.9999405112563673,0.0006324688049726769,0.0010370215799537905,0.0027065119648802577,0.004780555124787839,0.002074043159907581,1358.37427583333,False,False,False,False,physical,0.0007078848606,-0.003062985955,-0.003122140034,-0.003367639524,-0.003271222662,0.9964947744,0.994862211,10.04327314,33.3040912,0.0153456385,high_model_sensitivity,0.0002705177605,ok,5.0,67,4.0,10.04327314,0.9964947744,0.994862211,0.0007078848606,-0.003062985955,-0.003122140034,-0.003367639524,-0.003271222662,1.0629164,0.0154085245,0.015351960400000001,-7.034149999999954e-05,-0.00017883333333333138,32.953527050000005,33.009601882,0.06772708999999111,0.2653671515151609,10.043259165,10.043280466199999,-0.00014916500000161648,0.00031561702127464017
38,5_3C_54PER_4C_NEWSTRUCTURE,S5,3,0,1.0001304193742417,0.0015957247251289313,0.0008614838788717024,0.003318692482872336,0.005041660240615741,0.0017229677577434049,1434.3648280688924,False,False,False,False,physical,-0.0005065092365,-0.003653897424,-0.00355558808,-0.003820473984,-0.003779316881,0.9957123621,0.9938125656,10.0436503,36.0466347,0.01532282433,high_model_sensitivity,0.0003199606206,ok,5.3,54,4.0,10.0436503,0.9957123621,0.9938125656,-0.0005065092365,-0.003653897424,-0.00355558808,-0.003820473984,-0.003779316881,1.0642781,0.015357878,0.015301086260000001,-5.802650000000069e-05,-9.172e-05,35.56227448,35.6425766626,0.12728609500000232,0.40450122222222734,10.043709165,10.043622832599999,-0.00027249999999945373,-0.0006518444444441545
39,5_6C_19PER_4_6C_NEWSTRUCTURE,S6,3,0,1.000003428878095,0.0012048214976729343,0.0007893367902894145,0.002783495078251763,0.004362168658830592,0.001578673580578829,1517.3064093761568,False,False,False,False,physical,-6.226193356e-05,-0.003004930585,-0.003102316858,-0.003675808456,-0.003163033575,0.9963718783,0.9945742643,10.04356303,35.80596431,0.01537889168,high_model_sensitivity,0.0002049925319,ok,5.6,19,4.6,10.04356303,0.9963718783,0.9945742643,-6.226193356e-05,-0.003004930585,-0.003102316858,-0.003675808456,-0.003163033575,1.0654298,0.0154225855,0.015376516740000002,-5.484000000000218e-05,-0.00011965000000000162,35.30314606,35.3941281248,0.14115345999999818,0.5220877499999925,10.04334,10.0434885,9.833500000056006e-05,0.00047619047618936635
40,5_6C_36PER_4_3C_NEWSTRUCTURE,S7,3,0,0.9999881549945111,0.0015678341141929883,0.0010006938859602273,0.003569221886113443,0.005570609658033897,0.0020013877719204545,1337.5127715882047,False,False,False,False,physical,-0.0002820098638,-0.003795595163,-0.003872176613,-0.004563470543,-0.004077202235,0.9953191193,0.9930949433,10.04348918,36.14380225,0.01514374136,high_model_sensitivity,0.0003322460493,ok,5.6,36,4.3,10.04348918,0.9953191193,0.9930949433,-0.0002820098638,-0.003795595163,-0.003872176613,-0.004563470543,-0.004077202235,1.0606048,0.0151940515,0.015136056120000001,-6.200749999999908e-05,-0.00012559500000000265,35.683142215000004,35.7574866562,0.11923971999999594,0.4023208684210513,10.043466665,10.0433949334,-9.333000000033564e-05,-3.84615384600824e-05
41,4_8C_80PER_4_8C_NEWSTRUCTURE,S9,3,0,0.9545430951572784,5.997771059080007e-11,0.0012647625524169887,0.002529525164811688,0.005059050269645665,0.0025295251048339774,1105.4021447137998,True,False,False,False,physical,0.003754350625,-0.003250519635,-0.003267544848,-0.003670111779,-0.003413918273,0.9516005174,0.9497608481,11.0384405,35.27636197,0.01473660273,moderate_model_sensitivity,0.000390128937,ok,4.8,80,4.8,11.0384405,0.9516005174,0.9497608481,0.003754350625,-0.003250519635,-0.003267544848,-0.003670111779,-0.003413918273,1.099805,0.014835982000000001,0.014718211919999996,-8.29850000000007e-05,-0.00011908000000001445,34.919269985,34.8976858894,0.0696607299999954,0.19775797499999467,11.038511665,11.038442866399999,-8.999999999836916e-05,-0.000324999999996578
42,5C_67PER_4C_NEWSTRUCTURE,S4,3,0,0.9997556379402708,0.00028005102696311503,0.0007776114361425125,0.00183527389924814,0.0033904967715331653,0.001555222872285025,1584.8529440653128,False,False,False,False,physical,0.0005294968273,-0.001922118559,-0.002067513864,-0.002598245104,-0.002232664405,0.9975299751,0.9962557123,10.04365806,34.99712902,0.01584251529,high_model_sensitivity,0.0002179978629,ok,5.0,67,4.0,10.04365806,0.9975299751,0.9962557123,0.0005294968273,-0.001922118559,-0.002067513864,-0.002598245104,-0.002232664405,1.0726566,0.015910666499999997,0.01584451652,-7.635699999999565e-05,-0.0001781972222222178,34.489606495,34.6094495754,0.1840622449999998,0.5874197878787781,10.04364417,10.0437828668,-3.583500000026163e-05,-0.0006111666666678655
43,5_3C_54PER_4C_NEWSTRUCTURE,S5,3,0,0.9997713160723966,0.0004480813928356446,0.0011514082949781342,0.002750897982791913,0.005053714572748181,0.0023028165899562684,1297.8862440868063,False,False,False,False,physical,0.002720507759,-0.003281314474,-0.003298249553,-0.003221171387,-0.00340494664,0.9962486344,0.9947090565,10.04326176,34.07344611,0.01557749396,moderate_model_sensitivity,0.0005445986189,ok,5.3,54,4.0,10.04326176,0.9962486344,0.9947090565,0.002720507759,-0.003281314474,-0.003298249553,-0.003221171387,-0.00340494664,1.0515106,0.015616274999999999,0.015564802979999999,-4.357299999999814e-05,-0.00014318965517241583,33.77397489,33.7924034024,0.006742690000002938,0.20667740909090718,10.0438175,10.0433455328,-0.00017499999999870397,-0.00025488235293338716
44,5_6C_19PER_4_6C_NEWSTRUCTURE,S6,3,0,0.9997879150450046,4.383625407747251e-08,0.001532355121239037,0.0030647540787321517,0.006129464321210225,0.003064710242478074,1141.8376296980462,False,False,False,False,physical,0.001469975549,-0.003090539708,-0.003668224168,-0.004753584976,-0.003828443585,0.9962870081,0.9937721728,10.04352428,34.39498074,0.0153283778,moderate_model_sensitivity,0.0003819484935,ok,5.6,19,4.6,10.04352428,0.9962870081,0.9937721728,0.001469975549,-0.003090539708,-0.003668224168,-0.004753584976,-0.003828443585,1.0638335,0.01550652,0.015444664859999999,-9.355949999999974e-05,-0.00023165348837209175,33.746343010000004,33.8420181108,0.19512637499999386,0.5842131764705899,10.043493335,10.0438977006,0.00015499999999946112,8.335714286441689e-05
45,5_6C_36PER_4_3C_NEWSTRUCTURE,S7,3,0,0.9999561327684247,9.864322242244294e-12,0.0007947851018067438,0.0015895702134778099,0.0031791404170912973,0.0015895702036134876,1586.1436078563345,True,False,False,False,physical,0.003657422169,-0.001392160088,-0.002141585994,-0.003094306137,-0.002209298665,0.9982147832,0.9966085775,10.04309163,33.84210321,0.01832409644,high_model_sensitivity,0.0004875659464,ok,5.6,36,4.3,10.04309163,0.9982147832,0.9966085775,0.003657422169,-0.001392160088,-0.002141585994,-0.003094306137,-0.002209298665,1.0548838,0.018445511999999997,0.01832071354,-0.00012525699999999668,-0.00010464999999999433,33.46706068,33.537584526,0.08002892499999348,0.3179425172413679,10.043073334999999,10.0431284328,0.00028583000000104164,0.000416749999976318
46,4_8C_80PER_4_8C_NEWSTRUCTURE,S9,3,0,0.9998889683099532,9.893838857580192e-11,0.000734952614332762,0.0014699053276039126,0.002939810556269437,0.001469905228665524,1649.1674024257047,True,False,False,False,physical,0.002628473597,-0.001425637045,-0.002268548221,-0.00235006526,-0.001999693054,0.9982209931,0.9970277226,11.03846341,33.54314782,0.01597274811,high_model_sensitivity,0.0003460575955,ok,4.8,80,4.8,11.03846341,0.9982209931,0.9970277226,0.002628473597,-0.001425637045,-0.002268548221,-0.00235006526,-0.001999693054,1.0699885,0.0163243055,0.016245468380000003,-0.00011945000000000011,-0.00027156216216216503,32.6711418,32.7539011454,0.19556215000000066,0.4416787826086971,11.038893335000001,11.038254666599999,-0.0006966699999999548,-0.0007555333333364445
47,5C_67PER_4C_NEWSTRUCTURE,S4,3,0,0.9999311805371582,2.966731038944384e-11,0.0008004680598065319,0.0016009361492803744,0.003201872268893438,0.0016009361196130639,1580.404512222997,True,False,False,False,physical,0.001173961189,-0.0007398347449,-0.001986696773,-0.003398876565,-0.002172475693,0.9982534492,0.9963546461,10.04372437,34.46198426,0.01571161009,high_model_sensitivity,0.0003437393062,ok,5.0,67,4.0,10.04372437,0.9982534492,0.9963546461,0.001173961189,-0.0007398347449,-0.001986696773,-0.003398876565,-0.002172475693,1.073334,0.015832437499999998,0.015901859819999996,9.326899999999999e-05,0.00014850238095237754,33.651862885,33.566885259399996,0.10126603499999476,-0.23418300000006553,10.04365167,10.0435417668,-0.00019750499999915405,-0.00030702631579104214
48,5_3C_54PER_4C_NEWSTRUCTURE,S5,3,0,0.999809942281076,7.173346694476588e-15,0.0007298567961305374,0.0014597135922682482,0.0029194271845293233,0.0014597135922610749,1654.5874237426563,True,False,False,False,physical,0.002810003767,-0.001723002822,-0.001810310001,-0.00244828484,-0.001903738452,0.9981814931,0.996787034,10.04311782,33.54646485,0.01558388498,high_model_sensitivity,0.000502861751,ok,5.3,54,4.0,10.04311782,0.9981814931,0.996787034,0.002810003767,-0.001723002822,-0.001810310001,-0.00244828484,-0.001903738452,1.0739049,0.015635525499999997,0.01557609906,-7.780349999999756e-05,-0.00017542195121951165,33.21683934,33.262356936799996,0.12424354000000193,0.33048452631578734,10.04303,10.0433070662,0.0002733300000006267,0.0005902916666652065
49,4_8C_80PER_4_8C_NEWSTRUCTURE,S9,3,0,0.9996908586764325,3.3552973549977186e-08,0.0006604756850044791,0.0013209849229825082,0.0026419362929914667,0.0013209513700089583,1738.8016387612909,False,False,False,False,physical,0.002343414213,-0.001776791782,-0.001502339864,-0.002719024816,-0.001677276261,0.9983066831,0.9967894897,11.03899925,32.9119221,0.01562216493,high_model_sensitivity,0.0002634218919,ok,4.8,80,4.8,11.03899925,0.9983066831,0.9967894897,0.002343414213,-0.001776791782,-0.001502339864,-0.002719024816,-0.001677276261,1.0721447,0.015677708999999998,0.015624928199999999,-6.721049999999784e-05,-0.00017465121951219407,32.56338678,32.6437801304,0.15016179999999935,0.3916783636363594,11.037935835,11.038232099799998,5.332999999829724e-05,-0.0006333600000019146
