model,p,alpha,response,loso_rmse,loso_mae,normalized_loso_rmse,scope
raw_parameters,,0.0,R100,0.007582241318882633,0.005218574257063693,1.2888005077433344,dataset3_only
raw_parameters,,0.0,A,0.0017171050482851224,0.0011850342175901945,6.210379188110725,dataset3_only
raw_parameters,,0.0,combined,,,3.7495898479270298,dataset3_only
raw_parameters,,0.03,R100,0.0069445040379243865,0.004595937154320249,1.1804003531005427,dataset3_only
raw_parameters,,0.03,A,0.0012117665381887596,0.0007447314672316265,4.382684505605653,dataset3_only
raw_parameters,,0.03,combined,,,2.781542429353098,dataset3_only
raw_parameters,,0.1,R100,0.007027129734293886,0.004507245161017632,1.1944447543475016,dataset3_only
raw_parameters,,0.1,A,0.0008322206534096236,0.0005768035244109228,3.009953194775553,dataset3_only
raw_parameters,,0.1,combined,,,2.102198974561527,dataset3_only
raw_parameters,,0.3,R100,0.007211269280934473,0.004634053565587742,1.2257440933193438,dataset3_only
raw_parameters,,0.3,A,0.0004626857366550084,0.000405826101167516,1.6734292828663393,dataset3_only
raw_parameters,,0.3,combined,,,1.4495866880928414,dataset3_only
raw_parameters,,1.0,R100,0.007315652440837444,0.00470557668769785,1.2434867453697045,dataset3_only
raw_parameters,,1.0,A,0.00031675423371104323,0.0002723861331068843,1.1456281622080347,dataset3_only
raw_parameters,,1.0,combined,,,1.1945574537888697,dataset3_only
raw_parameters,,3.0,R100,0.007211830932326963,0.004328694671555753,1.2258395606843844,dataset3_only
raw_parameters,,3.0,A,0.0003085346966721854,0.00026768681574286464,1.1158999625192572,dataset3_only
raw_parameters,,3.0,combined,,,1.1708697616018209,dataset3_only
raw_parameters,,10.0,R100,0.00702771875299402,0.004329408763876611,1.1945448735032864,dataset3_only
raw_parameters,,10.0,A,0.00030141626392579874,0.00025433857415531883,1.0901542071129258,dataset3_only
raw_parameters,,10.0,combined,,,1.142349540308106,dataset3_only
separate_phase_exposure,1.0,0.0,R100,0.00749562808094093,0.005845886447719353,1.2740783193636838,dataset3_only
separate_phase_exposure,1.0,0.0,A,0.0004468026938234073,0.0004075138674216935,1.6159839222905503,dataset3_only
separate_phase_exposure,1.0,0.0,combined,,,1.445031120827117,dataset3_only
separate_phase_exposure,1.0,0.03,R100,0.007567132341811206,0.005679188117165353,1.28623234135266,dataset3_only
separate_phase_exposure,1.0,0.03,A,0.00045334419815508273,0.0004131030321084281,1.6396430585798214,dataset3_only
separate_phase_exposure,1.0,0.03,combined,,,1.4629376999662407,dataset3_only
separate_phase_exposure,1.0,0.1,R100,0.0076819604636718785,0.005723334140737839,1.3057503882642896,dataset3_only
separate_phase_exposure,1.0,0.1,A,0.0004508098411415188,0.00040973877276034046,1.6304768645441106,dataset3_only
separate_phase_exposure,1.0,0.1,combined,,,1.4681136264042,dataset3_only
separate_phase_exposure,1.0,0.3,R100,0.007680579463619888,0.005682235915411393,1.305515651134021,dataset3_only
separate_phase_exposure,1.0,0.3,A,0.00044779780986746887,0.00040668216510053845,1.619583031137133,dataset3_only
separate_phase_exposure,1.0,0.3,combined,,,1.462549341135577,dataset3_only
separate_phase_exposure,1.0,1.0,R100,0.00756945276350087,0.005500781507252494,1.2866267577957728,dataset3_only
separate_phase_exposure,1.0,1.0,A,0.00043991937233948806,0.0003995068800775919,1.5910885109518556,dataset3_only
separate_phase_exposure,1.0,1.0,combined,,,1.4388576343738142,dataset3_only
separate_phase_exposure,1.0,3.0,R100,0.007327148544202083,0.005124139247251506,1.245440809244791,dataset3_only
separate_phase_exposure,1.0,3.0,A,0.00042266686536015325,0.00038395738166218453,1.5286901094130554,dataset3_only
separate_phase_exposure,1.0,3.0,combined,,,1.3870654593289231,dataset3_only
separate_phase_exposure,1.0,10.0,R100,0.007015084969668688,0.0049136708432548516,1.1923974311205363,dataset3_only
separate_phase_exposure,1.0,10.0,A,0.0003900551969978324,0.00035419132197375545,1.4107411075804683,dataset3_only
separate_phase_exposure,1.0,10.0,combined,,,1.3015692693505023,dataset3_only
summed_stress_benchmark,1.0,0.0,R100,0.0060285747122168455,0.00412886005362213,1.0247141739902679,dataset3_only
summed_stress_benchmark,1.0,0.0,A,0.0004991858440804597,0.0004117187114853942,1.8054418861402124,dataset3_only
summed_stress_benchmark,1.0,0.0,combined,,,1.4150780300652401,dataset3_only
summed_stress_benchmark,1.0,0.03,R100,0.006028081518701501,0.004116044194004272,1.0246303428345107,dataset3_only
summed_stress_benchmark,1.0,0.03,A,0.0004980334315764996,0.00041104631783356045,1.8012738717034371,dataset3_only
summed_stress_benchmark,1.0,0.03,combined,,,1.412952107268974,dataset3_only
summed_stress_benchmark,1.0,0.1,R100,0.006027276750007602,0.004086726868081067,1.024493551316318,dataset3_only
summed_stress_benchmark,1.0,0.1,A,0.0004954016671162819,0.00040950816242086863,1.7917553770440287,dataset3_only
summed_stress_benchmark,1.0,0.1,combined,,,1.4081244641801733,dataset3_only
summed_stress_benchmark,1.0,0.3,R100,0.006027360535603621,0.004007230291588493,1.0245077928728907,dataset3_only
summed_stress_benchmark,1.0,0.3,A,0.0004882974261518414,0.00040533731512931107,1.7660609500915554,dataset3_only
summed_stress_benchmark,1.0,0.3,combined,,,1.395284371482223,dataset3_only
summed_stress_benchmark,1.0,1.0,R100,0.006047155270468645,0.0038377374556604004,1.0278724265309036,dataset3_only
summed_stress_benchmark,1.0,1.0,A,0.0004674571853093401,0.0003929290444369268,1.690686529561639,dataset3_only
summed_stress_benchmark,1.0,1.0,combined,,,1.3592794780462714,dataset3_only
summed_stress_benchmark,1.0,3.0,R100,0.0061634170469749205,0.0036448528144947916,1.047634160600126,dataset3_only
summed_stress_benchmark,1.0,3.0,A,0.0004294059125254628,0.0003694419606263426,1.5530637132906588,dataset3_only
summed_stress_benchmark,1.0,3.0,combined,,,1.3003489369453924,dataset3_only
summed_stress_benchmark,1.0,10.0,R100,0.006488574989576563,0.004307505736067641,1.1029032695479182,dataset3_only
summed_stress_benchmark,1.0,10.0,A,0.00038009553780966534,0.0003365600432915245,1.3747192810739062,dataset3_only
summed_stress_benchmark,1.0,10.0,combined,,,1.2388112753109122,dataset3_only
separate_phase_exposure,1.5,0.0,R100,0.007286800551566405,0.005746496656407838,1.2385826110935683,dataset3_only
separate_phase_exposure,1.5,0.0,A,0.0004927787422451795,0.0004521652094182117,1.7822688531719215,dataset3_only
separate_phase_exposure,1.5,0.0,combined,,,1.5104257321327448,dataset3_only
separate_phase_exposure,1.5,0.03,R100,0.007293715905117021,0.005534447657206919,1.2397580565578352,dataset3_only
separate_phase_exposure,1.5,0.03,A,0.0004733586813608286,0.000428193951493748,1.7120309011791384,dataset3_only
separate_phase_exposure,1.5,0.03,combined,,,1.475894478868487,dataset3_only
separate_phase_exposure,1.5,0.1,R100,0.007489118457384367,0.005611609876141972,1.2729718383388682,dataset3_only
separate_phase_exposure,1.5,0.1,A,0.0004666264589683463,0.00041959317273241583,1.6876819809556722,dataset3_only
separate_phase_exposure,1.5,0.1,combined,,,1.4803269096472702,dataset3_only
separate_phase_exposure,1.5,0.3,R100,0.007516420755028489,0.005574973444501642,1.2776125789307924,dataset3_only
separate_phase_exposure,1.5,0.3,A,0.0004615320177236398,0.00041406293420198046,1.6692565433781779,dataset3_only
separate_phase_exposure,1.5,0.3,combined,,,1.4734345611544852,dataset3_only
separate_phase_exposure,1.5,1.0,R100,0.007419771081367769,0.005399694731715529,1.2611844354243391,dataset3_only
separate_phase_exposure,1.5,1.0,A,0.00045199673003900427,0.00040553032700105875,1.634769572270353,dataset3_only
separate_phase_exposure,1.5,1.0,combined,,,1.447977003847346,dataset3_only
separate_phase_exposure,1.5,3.0,R100,0.007193021584319626,0.004992524092671491,1.2226424193322876,dataset3_only
separate_phase_exposure,1.5,3.0,A,0.00043248001109748963,0.00038881879856142177,1.5641820300255511,dataset3_only
separate_phase_exposure,1.5,3.0,combined,,,1.3934122246789193,dataset3_only
separate_phase_exposure,1.5,10.0,R100,0.006917508049087834,0.004725700537253969,1.1758116777133671,dataset3_only
separate_phase_exposure,1.5,10.0,A,0.00039605321633385437,0.0003572876864436245,1.4324345820079754,dataset3_only
separate_phase_exposure,1.5,10.0,combined,,,1.3041231298606712,dataset3_only
summed_stress_benchmark,1.5,0.0,R100,0.006038129457526272,0.004152535239952678,1.026338253215428,dataset3_only
summed_stress_benchmark,1.5,0.0,A,0.0004919402096065307,0.0004070428053348108,1.7792360709593147,dataset3_only
summed_stress_benchmark,1.5,0.0,combined,,,1.4027871620873713,dataset3_only
summed_stress_benchmark,1.5,0.03,R100,0.0060375938588161406,0.004139578176440203,1.0262472141861312,dataset3_only
summed_stress_benchmark,1.5,0.03,A,0.0004908390200733464,0.00040639829979123083,1.7752533183805583,dataset3_only
summed_stress_benchmark,1.5,0.03,combined,,,1.4007502662833446,dataset3_only
summed_stress_benchmark,1.5,0.1,R100,0.00603669093209198,0.004109937835071798,1.0260937381397206,dataset3_only
summed_stress_benchmark,1.5,0.1,A,0.0004883242702572611,0.00040492394070461036,1.7661580391274232,dataset3_only
summed_stress_benchmark,1.5,0.1,combined,,,1.396125888633572,dataset3_only
summed_stress_benchmark,1.5,0.3,R100,0.006036500630427253,0.004029565373032403,1.0260613913873806,dataset3_only
summed_stress_benchmark,1.5,0.3,A,0.00048153614369033883,0.0004009260829117794,1.7416069261948872,dataset3_only
summed_stress_benchmark,1.5,0.3,combined,,,1.3838341587911338,dataset3_only
summed_stress_benchmark,1.5,1.0,R100,0.0060554156000908275,0.003822821283094065,1.0292764859064187,dataset3_only
summed_stress_benchmark,1.5,1.0,A,0.00046162489721648025,0.0003890324559781072,1.6695924674207487,dataset3_only
summed_stress_benchmark,1.5,1.0,combined,,,1.3494344766635837,dataset3_only
summed_stress_benchmark,1.5,3.0,R100,0.006169792336566776,0.0036336656850700414,1.0487178080491373,dataset3_only
summed_stress_benchmark,1.5,3.0,A,0.0004252714948460297,0.0003665195192822278,1.538110463029732,dataset3_only
summed_stress_benchmark,1.5,3.0,combined,,,1.2934141355394346,dataset3_only
summed_stress_benchmark,1.5,10.0,R100,0.006492015485945718,0.004310398879233002,1.1034880720200333,dataset3_only
summed_stress_benchmark,1.5,10.0,A,0.00037813235246127126,0.00033500140790799674,1.3676188852989088,dataset3_only
summed_stress_benchmark,1.5,10.0,combined,,,1.235553478659471,dataset3_only
separate_phase_exposure,2.0,0.0,R100,0.006565197550436245,0.005135257697625296,1.1159272806796432,dataset3_only
separate_phase_exposure,2.0,0.0,A,0.0006063366864157587,0.000534742013269705,2.1929821603315083,dataset3_only
separate_phase_exposure,2.0,0.0,combined,,,1.6544547205055757,dataset3_only
separate_phase_exposure,2.0,0.03,R100,0.007058095502280432,0.005388491264925454,1.1997081976784774,dataset3_only
separate_phase_exposure,2.0,0.03,A,0.0005017512398414027,0.0004496485332684417,1.8147203402796022,dataset3_only
separate_phase_exposure,2.0,0.03,combined,,,1.5072142689790398,dataset3_only
separate_phase_exposure,2.0,0.1,R100,0.00726775979458253,0.005432486467573085,1.235346135724798,dataset3_only
separate_phase_exposure,2.0,0.1,A,0.0004856025940330813,0.000432015134054377,1.756314354027142,dataset3_only
separate_phase_exposure,2.0,0.1,combined,,,1.49583024487597,dataset3_only
separate_phase_exposure,2.0,0.3,R100,0.007306212040499012,0.005371070339988445,1.2418821020673116,dataset3_only
separate_phase_exposure,2.0,0.3,A,0.00047607409584653676,0.0004218399523812073,1.721851938992741,dataset3_only
separate_phase_exposure,2.0,0.3,combined,,,1.4818670205300264,dataset3_only
separate_phase_exposure,2.0,1.0,R100,0.007224803728069875,0.0051947259734761615,1.228044627106984,dataset3_only
separate_phase_exposure,2.0,1.0,A,0.0004638113176197354,0.00041094326856997554,1.6775002537162915,dataset3_only
separate_phase_exposure,2.0,1.0,combined,,,1.4527724404116378,dataset3_only
separate_phase_exposure,2.0,3.0,R100,0.007027452110680331,0.00481486767612165,1.1944995506581255,dataset3_only
separate_phase_exposure,2.0,3.0,A,0.0004416586579784031,0.00039288776816560986,1.5973791123014267,dataset3_only
separate_phase_exposure,2.0,3.0,combined,,,1.3959393314797761,dataset3_only
separate_phase_exposure,2.0,10.0,R100,0.006811143706259729,0.004559261434183073,1.1577322717333358,dataset3_only
separate_phase_exposure,2.0,10.0,A,0.00040134399991495387,0.0003597975136917059,1.451570145247786,dataset3_only
separate_phase_exposure,2.0,10.0,combined,,,1.304651208490561,dataset3_only
summed_stress_benchmark,2.0,0.0,R100,0.006037911798339487,0.0041635040894995165,1.0263012563356604,dataset3_only
summed_stress_benchmark,2.0,0.0,A,0.00048688927544284475,0.00040362227170126605,1.760967988618051,dataset3_only
summed_stress_benchmark,2.0,0.0,combined,,,1.3936346224768557,dataset3_only
summed_stress_benchmark,2.0,0.03,R100,0.006037383910191201,0.004150481605413204,1.026211527918306,dataset3_only
summed_stress_benchmark,2.0,0.03,A,0.0004858235723514749,0.00040299816695470533,1.7571135824441486,dataset3_only
summed_stress_benchmark,2.0,0.03,combined,,,1.3916625551812274,dataset3_only
summed_stress_benchmark,2.0,0.1,R100,0.006036498347124732,0.004120691609137326,1.0260610032803124,dataset3_only
summed_stress_benchmark,2.0,0.1,A,0.00048338989064659074,0.0004015704763579979,1.7483115081473009,dataset3_only
summed_stress_benchmark,2.0,0.1,combined,,,1.3871862557138066,dataset3_only
summed_stress_benchmark,2.0,0.3,R100,0.006036353176175528,0.004039913344303006,1.0260363276751483,dataset3_only
summed_stress_benchmark,2.0,0.3,A,0.0004768207859816446,0.0003976991643895673,1.7245525477176833,dataset3_only
summed_stress_benchmark,2.0,0.3,combined,,,1.3752944376964158,dataset3_only
summed_stress_benchmark,2.0,1.0,R100,0.006055384960422783,0.0038033682072995917,1.0292712778923143,dataset3_only
summed_stress_benchmark,2.0,1.0,A,0.000457553372840352,0.00038618201128348657,1.6548666879615097,dataset3_only
summed_stress_benchmark,2.0,1.0,combined,,,1.3420689829269121,dataset3_only
summed_stress_benchmark,2.0,3.0,R100,0.006169908004144393,0.0036231939735651905,1.0487374687835418,dataset3_only
summed_stress_benchmark,2.0,3.0,A,0.00042237773516125944,0.00036438168576126244,1.5276443911143072,dataset3_only
summed_stress_benchmark,2.0,3.0,combined,,,1.2881909299489245,dataset3_only
summed_stress_benchmark,2.0,10.0,R100,0.006492172195623288,0.00431148148374572,1.1035147089343078,dataset3_only
summed_stress_benchmark,2.0,10.0,A,0.0003767494505533935,0.0003338612300301485,1.3626172430077397,dataset3_only
summed_stress_benchmark,2.0,10.0,combined,,,1.2330659759710239,dataset3_only
separate_phase_exposure,2.5,0.0,R100,0.006034150347813039,0.004383629397982112,1.0256618992980169,dataset3_only
separate_phase_exposure,2.5,0.0,A,0.0007862008098243353,0.0006384780255871558,2.843509866728958,dataset3_only
separate_phase_exposure,2.5,0.0,combined,,,1.9345858830134874,dataset3_only
separate_phase_exposure,2.5,0.03,R100,0.006895448446877293,0.005290941895651514,1.17206207052812,dataset3_only
separate_phase_exposure,2.5,0.03,A,0.0005421522306393516,0.00047867166594877986,1.960841553236966,dataset3_only
separate_phase_exposure,2.5,0.03,combined,,,1.566451811882543,dataset3_only
separate_phase_exposure,2.5,0.1,R100,0.0070419905040370575,0.005233725824297898,1.1969707314016425,dataset3_only
separate_phase_exposure,2.5,0.1,A,0.0005105355279994817,0.00044843292469753704,1.846491116571818,dataset3_only
separate_phase_exposure,2.5,0.1,combined,,,1.5217309239867303,dataset3_only
separate_phase_exposure,2.5,0.3,R100,0.007073252759747927,0.005117124141374125,1.2022845705870335,dataset3_only
separate_phase_exposure,2.5,0.3,A,0.0004935125697594053,0.0004314142185838793,1.7849229407168636,dataset3_only
separate_phase_exposure,2.5,0.3,combined,,,1.4936037556519486,dataset3_only
separate_phase_exposure,2.5,1.0,R100,0.007006811144477564,0.00492728253818854,1.190991077819601,dataset3_only
separate_phase_exposure,2.5,1.0,A,0.00047689639086797,0.00041687666383214084,1.7248259934297112,dataset3_only
separate_phase_exposure,2.5,1.0,combined,,,1.457908535624656,dataset3_only
separate_phase_exposure,2.5,3.0,R100,0.006847414893204558,0.00457974482800568,1.163897509976879,dataset3_only
separate_phase_exposure,2.5,3.0,A,0.00045136582568849377,0.00039704017387968597,1.632487734445689,dataset3_only
separate_phase_exposure,2.5,3.0,combined,,,1.398192622211284,dataset3_only
separate_phase_exposure,2.5,10.0,R100,0.006703311742739946,0.004415546325470151,1.1394034051765356,dataset3_only
separate_phase_exposure,2.5,10.0,A,0.00040664459950693504,0.0003622650734038098,1.470741210770786,dataset3_only
separate_phase_exposure,2.5,10.0,combined,,,1.3050723079736608,dataset3_only
summed_stress_benchmark,2.5,0.0,R100,0.006031446295683238,0.0041660448151818194,1.0252022748134766,dataset3_only
summed_stress_benchmark,2.5,0.0,A,0.0004830757429785117,0.0004009173048059479,1.7471753073413103,dataset3_only
summed_stress_benchmark,2.5,0.0,combined,,,1.3861887910773936,dataset3_only
summed_stress_benchmark,2.5,0.03,R100,0.006030961272891171,0.004153007177662015,1.0251198324861497,dataset3_only
summed_stress_benchmark,2.5,0.03,A,0.0004820366059625981,0.000400309333062739,1.7434169846320096,dataset3_only
summed_stress_benchmark,2.5,0.03,combined,,,1.3842684085590795,dataset3_only
summed_stress_benchmark,2.5,0.1,R100,0.006030173913965596,0.004123182516668997,1.0249860002140838,dataset3_only
summed_stress_benchmark,2.5,0.1,A,0.00047966361805037007,0.00039891854802925463,1.7348344260061075,dataset3_only
summed_stress_benchmark,2.5,0.1,combined,,,1.3799102131100955,dataset3_only
summed_stress_benchmark,2.5,0.3,R100,0.006030295904620166,0.004042310255324048,1.025006735721032,dataset3_only
summed_stress_benchmark,2.5,0.3,A,0.0004732585195798459,0.0003951473088279465,1.7116686387533884,dataset3_only
summed_stress_benchmark,2.5,0.3,combined,,,1.3683376872372102,dataset3_only
summed_stress_benchmark,2.5,1.0,R100,0.006050126243091788,0.0038017152778228257,1.028377421144523,dataset3_only
summed_stress_benchmark,2.5,1.0,A,0.0004544734992574305,0.00038392787220405486,1.643727484323101,dataset3_only
summed_stress_benchmark,2.5,1.0,combined,,,1.3360524527338118,dataset3_only
summed_stress_benchmark,2.5,3.0,R100,0.006166141732510835,0.0036150465529319977,1.0480972922724698,dataset3_only
summed_stress_benchmark,2.5,3.0,A,0.0004201817754294865,0.0003626910814516886,1.5197021032328804,dataset3_only
summed_stress_benchmark,2.5,3.0,combined,,,1.283899697752675,dataset3_only
summed_stress_benchmark,2.5,10.0,R100,0.0064903373676515365,0.004311439101778123,1.103202831862323,dataset3_only
summed_stress_benchmark,2.5,10.0,A,0.0003756925040865727,0.0003329595743983757,1.3587945075571355,dataset3_only
summed_stress_benchmark,2.5,10.0,combined,,,1.2309986697097293,dataset3_only
separate_phase_exposure,3.0,0.0,R100,0.006719795715788461,0.005350145597532454,1.1422052881476892,dataset3_only
separate_phase_exposure,3.0,0.0,A,0.0008717680684176488,0.0006860352246669269,3.1529872178568454,dataset3_only
separate_phase_exposure,3.0,0.0,combined,,,2.147596253002267,dataset3_only
separate_phase_exposure,3.0,0.03,R100,0.006774496436852018,0.005206671858156548,1.1515031084247977,dataset3_only
separate_phase_exposure,3.0,0.03,A,0.0005918610211383514,0.0005121897901193054,2.1406269649038028,dataset3_only
separate_phase_exposure,3.0,0.03,combined,,,1.6460650366643002,dataset3_only
separate_phase_exposure,3.0,0.1,R100,0.006806447030028868,0.005020169006847383,1.1569339485916066,dataset3_only
separate_phase_exposure,3.0,0.1,A,0.0005426518017325534,0.0004689035558782093,1.962648388481729,dataset3_only
separate_phase_exposure,3.0,0.1,combined,,,1.5597911685366679,dataset3_only
separate_phase_exposure,3.0,0.3,R100,0.006823678649141292,0.004835627907649169,1.1598629135938183,dataset3_only
separate_phase_exposure,3.0,0.3,A,0.0005155891365495815,0.0004436380683372193,1.8647688715616728,dataset3_only
separate_phase_exposure,3.0,0.3,combined,,,1.5123158925777456,dataset3_only
separate_phase_exposure,3.0,1.0,R100,0.006778569482802335,0.0046249248722808655,1.152195429266098,dataset3_only
separate_phase_exposure,3.0,1.0,A,0.0004925876069846995,0.00042416031317507873,1.7815775603212105,dataset3_only
separate_phase_exposure,3.0,1.0,combined,,,1.4668864947936542,dataset3_only
separate_phase_exposure,3.0,3.0,R100,0.006664361538351069,0.004311928916913621,1.1327827977490093,dataset3_only
separate_phase_exposure,3.0,3.0,A,0.0004625649131096184,0.00040192176948483427,1.672992291528813,dataset3_only
separate_phase_exposure,3.0,3.0,combined,,,1.402887544638911,dataset3_only
separate_phase_exposure,3.0,10.0,R100,0.006598856710750269,0.004292796759771903,1.1216485365825508,dataset3_only
separate_phase_exposure,3.0,10.0,A,0.00041252104261192,0.00036508271830746567,1.491994971567636,dataset3_only
separate_phase_exposure,3.0,10.0,combined,,,1.3068217540750933,dataset3_only
summed_stress_benchmark,3.0,0.0,R100,0.006020559384563712,0.004162296611231401,1.0233517591165335,dataset3_only
summed_stress_benchmark,3.0,0.0,A,0.0004800261304418368,0.00039865847879555407,1.7361455510381174,dataset3_only
summed_stress_benchmark,3.0,0.0,combined,,,1.3797486550773255,dataset3_only
summed_stress_benchmark,3.0,0.03,R100,0.006020144278193306,0.004149281328804739,1.023281200916333,dataset3_only
summed_stress_benchmark,3.0,0.03,A,0.0004790080169670839,0.0003980639791756676,1.7324632657049892,dataset3_only
summed_stress_benchmark,3.0,0.03,combined,,,1.377872233310661,dataset3_only
summed_stress_benchmark,3.0,0.1,R100,0.006019517206826493,0.004119507806913683,1.023174613713163,dataset3_only
summed_stress_benchmark,3.0,0.1,A,0.0004766830649538494,0.00039670401272494713,1.7240544420219144,dataset3_only
summed_stress_benchmark,3.0,0.1,combined,,,1.3736145278675387,dataset3_only
summed_stress_benchmark,3.0,0.3,R100,0.006020076021318198,0.004038774213861388,1.0232695988726106,dataset3_only
summed_stress_benchmark,3.0,0.3,A,0.00047040780302280954,0.00039301634089361276,1.7013582440604706,dataset3_only
summed_stress_benchmark,3.0,0.3,combined,,,1.3623139214665407,dataset3_only
summed_stress_benchmark,3.0,1.0,R100,0.0060412185907794316,0.003798591774530808,1.0268633323230056,dataset3_only
summed_stress_benchmark,3.0,1.0,A,0.00045200499417704596,0.0003820455171953934,1.634799461781745,dataset3_only
summed_stress_benchmark,3.0,1.0,combined,,,1.3308313970523753,dataset3_only
summed_stress_benchmark,3.0,3.0,R100,0.006159712490216097,0.003605751208706407,1.0470044741484636,dataset3_only
summed_stress_benchmark,3.0,3.0,A,0.0004184152185703227,0.00036127931519519253,1.5133128680700567,dataset3_only
summed_stress_benchmark,3.0,3.0,combined,,,1.2801586711092603,dataset3_only
summed_stress_benchmark,3.0,10.0,R100,0.00648716883296222,0.004310624206942712,1.1026642564009719,dataset3_only
summed_stress_benchmark,3.0,10.0,A,0.0003748355777511433,0.00033220663239491116,1.3556951995185216,dataset3_only
summed_stress_benchmark,3.0,10.0,combined,,,1.2291797279597467,dataset3_only
raw_parameters,,0.0,R100,0.005852462740405495,0.004734647918662986,1.1157295176609665,all_parameterized
raw_parameters,,0.0,A,0.003372427352108697,0.002704402628877919,1.9141850901656756,all_parameterized
raw_parameters,,0.0,combined,,,1.514957303913321,all_parameterized
raw_parameters,,0.03,R100,0.005813513330016178,0.004697161476445666,1.1083040954422443,all_parameterized
raw_parameters,,0.03,A,0.003329990038314792,0.0026662308041768687,1.8900977296832675,all_parameterized
raw_parameters,,0.03,combined,,,1.499200912562756,all_parameterized
raw_parameters,,0.1,R100,0.005737142885932144,0.0046183814101628615,1.0937446249217144,all_parameterized
raw_parameters,,0.1,A,0.0032442342940876274,0.0025861135218798424,1.841422888135366,all_parameterized
raw_parameters,,0.1,combined,,,1.4675837565285401,all_parameterized
raw_parameters,,0.3,R100,0.005592944365258275,0.0044414815002102705,1.0662542242040614,all_parameterized
raw_parameters,,0.3,A,0.0030678050785186263,0.002407535524781207,1.741281909946276,all_parameterized
raw_parameters,,0.3,combined,,,1.4037680670751687,all_parameterized
raw_parameters,,1.0,R100,0.005413110233912009,0.0040820220960215235,1.0319701531170842,all_parameterized
raw_parameters,,1.0,A,0.002767180431091688,0.0020606804178970634,1.5706477767955227,all_parameterized
raw_parameters,,1.0,combined,,,1.3013089649563034,all_parameterized
raw_parameters,,3.0,R100,0.005375562694841185,0.003697571128941414,1.0248119874840733,all_parameterized
raw_parameters,,3.0,A,0.002470785096670943,0.0018075986145055303,1.40241419584437,all_parameterized
raw_parameters,,3.0,combined,,,1.2136130916642216,all_parameterized
raw_parameters,,10.0,R100,0.00553747820581872,0.003805633444310006,1.0556800037326102,all_parameterized
raw_parameters,,10.0,A,0.0022095013999776556,0.0015626269857902768,1.2541099317952327,all_parameterized
raw_parameters,,10.0,combined,,,1.1548949677639215,all_parameterized
separate_phase_exposure,1.0,0.0,R100,0.029752011613672517,0.015589744903190315,5.672004938704889,all_parameterized
separate_phase_exposure,1.0,0.0,A,0.0032398857055933065,0.002378030234955006,1.8389546353340447,all_parameterized
separate_phase_exposure,1.0,0.0,combined,,,3.7554797870194667,all_parameterized
separate_phase_exposure,1.0,0.03,R100,0.008319218042817055,0.006866645105898699,1.5859985011345104,all_parameterized
separate_phase_exposure,1.0,0.03,A,0.0024042580895508275,0.0017974936656480122,1.3646535588233695,all_parameterized
separate_phase_exposure,1.0,0.03,combined,,,1.47532602997894,all_parameterized
separate_phase_exposure,1.0,0.1,R100,0.0072191981798948035,0.005717909460943029,1.376287703216523,all_parameterized
separate_phase_exposure,1.0,0.1,A,0.002333680673692358,0.001699332078252385,1.3245939154171944,all_parameterized
separate_phase_exposure,1.0,0.1,combined,,,1.3504408093168587,all_parameterized
separate_phase_exposure,1.0,0.3,R100,0.007106965507514648,0.005274362372959094,1.3548913593225276,all_parameterized
separate_phase_exposure,1.0,0.3,A,0.002281401303467907,0.001632767934572877,1.2949202173479617,all_parameterized
separate_phase_exposure,1.0,0.3,combined,,,1.3249057883352446,all_parameterized
separate_phase_exposure,1.0,1.0,R100,0.007037176626754166,0.005250301201414852,1.3415866160507068,all_parameterized
separate_phase_exposure,1.0,1.0,A,0.0022215468926114978,0.0015616035875322472,1.2609469367166237,all_parameterized
separate_phase_exposure,1.0,1.0,combined,,,1.3012667763836654,all_parameterized
separate_phase_exposure,1.0,3.0,R100,0.00685369526124143,0.005157955453278046,1.3066072262581088,all_parameterized
separate_phase_exposure,1.0,3.0,A,0.00216193394768018,0.0014993276614109214,1.2271107118096451,all_parameterized
separate_phase_exposure,1.0,3.0,combined,,,1.266858969033877,all_parameterized
separate_phase_exposure,1.0,10.0,R100,0.006488681389597015,0.004936508323816356,1.2370199825602244,all_parameterized
separate_phase_exposure,1.0,10.0,A,0.0020854647972967846,0.001411649998803881,1.1837069280543016,all_parameterized
separate_phase_exposure,1.0,10.0,combined,,,1.210363455307263,all_parameterized
summed_stress_benchmark,1.0,0.0,R100,0.02549618399035917,0.013136448830185854,4.860662310476789,all_parameterized
summed_stress_benchmark,1.0,0.0,A,0.00481255172840824,0.0028371884363330435,2.731597689839039,all_parameterized
summed_stress_benchmark,1.0,0.0,combined,,,3.796130000157914,all_parameterized
summed_stress_benchmark,1.0,0.03,R100,0.025388785607336734,0.013095921803373428,4.84018758873958,all_parameterized
summed_stress_benchmark,1.0,0.03,A,0.0047961914968535375,0.0028306991541251674,2.7223116450873004,all_parameterized
summed_stress_benchmark,1.0,0.03,combined,,,3.78124961691344,all_parameterized
summed_stress_benchmark,1.0,0.1,R100,0.02514181784817085,0.013002690614931695,4.793104979070053,all_parameterized
summed_stress_benchmark,1.0,0.1,A,0.004758600457564716,0.002815770758435685,2.7009750232960252,all_parameterized
summed_stress_benchmark,1.0,0.1,combined,,,3.747040001183039,all_parameterized
summed_stress_benchmark,1.0,0.3,R100,0.024463035966819164,0.012746168010334676,4.663700143077018,all_parameterized
summed_stress_benchmark,1.0,0.3,A,0.004655505911586483,0.00277469575972842,2.6424587019094314,all_parameterized
summed_stress_benchmark,1.0,0.3,combined,,,3.653079422493225,all_parameterized
summed_stress_benchmark,1.0,1.0,R100,0.02236245120892525,0.01194934466980518,4.263238914584247,all_parameterized
summed_stress_benchmark,1.0,1.0,A,0.004338744364615322,0.0026471065449939803,2.462665286946502,all_parameterized
summed_stress_benchmark,1.0,1.0,combined,,,3.3629521007653747,all_parameterized
summed_stress_benchmark,1.0,3.0,R100,0.018034801018351324,0.010287398845272234,3.438203835522831,all_parameterized
summed_stress_benchmark,1.0,3.0,A,0.0036998970059075225,0.002380991897119291,2.100056411720306,all_parameterized
summed_stress_benchmark,1.0,3.0,combined,,,2.7691301236215686,all_parameterized
summed_stress_benchmark,1.0,10.0,R100,0.0112552355139728,0.007550076310747381,2.145728909039645,all_parameterized
summed_stress_benchmark,1.0,10.0,A,0.0027583380536049655,0.0019426854182668617,1.5656288555914475,all_parameterized
summed_stress_benchmark,1.0,10.0,combined,,,1.8556788823155461,all_parameterized
separate_phase_exposure,1.5,0.0,R100,0.022190639802195728,0.012671952669736235,4.2304843176800215,all_parameterized
separate_phase_exposure,1.5,0.0,A,0.002878010065165264,0.0021916747068948745,1.63355452346258,all_parameterized
separate_phase_exposure,1.5,0.0,combined,,,2.932019420571301,all_parameterized
separate_phase_exposure,1.5,0.03,R100,0.010120458926797735,0.0077713464938262726,1.9293919940652713,all_parameterized
separate_phase_exposure,1.5,0.03,A,0.0024177220572720462,0.0018526051288554122,1.3722956882380517,all_parameterized
separate_phase_exposure,1.5,0.03,combined,,,1.6508438411516615,all_parameterized
separate_phase_exposure,1.5,0.1,R100,0.007547419386114552,0.006095223014607733,1.4388606924597298,all_parameterized
separate_phase_exposure,1.5,0.1,A,0.0023199740109983375,0.0017282841366156503,1.316814032672376,all_parameterized
separate_phase_exposure,1.5,0.1,combined,,,1.377837362566053,all_parameterized
separate_phase_exposure,1.5,0.3,R100,0.007110043684608835,0.005337126718230067,1.3554781914301222,all_parameterized
separate_phase_exposure,1.5,0.3,A,0.002271648810995676,0.001654121965941193,1.2893847161397223,all_parameterized
separate_phase_exposure,1.5,0.3,combined,,,1.3224314537849222,all_parameterized
separate_phase_exposure,1.5,1.0,R100,0.00701800849160873,0.0051191495326448075,1.33793235029475,all_parameterized
separate_phase_exposure,1.5,1.0,A,0.0022177182141588387,0.0015777330340468886,1.2587737841342455,all_parameterized
separate_phase_exposure,1.5,1.0,combined,,,1.2983530672144976,all_parameterized
separate_phase_exposure,1.5,3.0,R100,0.006841681117249689,0.005063207581238834,1.3043168169593924,all_parameterized
separate_phase_exposure,1.5,3.0,A,0.0021568520831705537,0.0014802746077226254,1.2242262525585108,all_parameterized
separate_phase_exposure,1.5,3.0,combined,,,1.2642715347589517,all_parameterized
separate_phase_exposure,1.5,10.0,R100,0.006475988622864324,0.004868963734825539,1.234600198764477,all_parameterized
separate_phase_exposure,1.5,10.0,A,0.0020802352659156473,0.0013872340043966109,1.1807386532915947,all_parameterized
separate_phase_exposure,1.5,10.0,combined,,,1.2076694260280358,all_parameterized
summed_stress_benchmark,1.5,0.0,R100,0.01948329467883044,0.010950890307858271,3.7143486321370096,all_parameterized
summed_stress_benchmark,1.5,0.0,A,0.003900468395796253,0.0024632544594114067,2.2139004545871606,all_parameterized
summed_stress_benchmark,1.5,0.0,combined,,,2.964124543362085,all_parameterized
summed_stress_benchmark,1.5,0.03,R100,0.01940348430197462,0.010919689988822489,3.699133363416219,all_parameterized
summed_stress_benchmark,1.5,0.03,A,0.003888802230184595,0.0024583609125246745,2.2072787551577346,all_parameterized
summed_stress_benchmark,1.5,0.03,combined,,,2.953206059286977,all_parameterized
summed_stress_benchmark,1.5,0.1,R100,0.019220010582026385,0.01084791460700309,3.6641554311949665,all_parameterized
summed_stress_benchmark,1.5,0.1,A,0.0038620129865128898,0.002447103457245338,2.1920732175851816,all_parameterized
summed_stress_benchmark,1.5,0.1,combined,,,2.928114324390074,all_parameterized
summed_stress_benchmark,1.5,0.3,R100,0.018716144371630255,0.0106504269615274,3.5680969975359798,all_parameterized
summed_stress_benchmark,1.5,0.3,A,0.0037886618641893195,0.0024161289325432887,2.150439222234354,all_parameterized
summed_stress_benchmark,1.5,0.3,combined,,,2.859268109885167,all_parameterized
summed_stress_benchmark,1.5,1.0,R100,0.01716112278670934,0.010036980962768541,3.2716434257912423,all_parameterized
summed_stress_benchmark,1.5,1.0,A,0.003564476881431449,0.0023199143151875477,2.0231921367883654,all_parameterized
summed_stress_benchmark,1.5,1.0,combined,,,2.647417781289804,all_parameterized
summed_stress_benchmark,1.5,3.0,R100,0.013985613012258586,0.008757507879642924,2.6662555495874987,all_parameterized
summed_stress_benchmark,1.5,3.0,A,0.003119041585022085,0.002119238113274145,1.770363680013101,all_parameterized
summed_stress_benchmark,1.5,3.0,combined,,,2.2183096148003,all_parameterized
summed_stress_benchmark,1.5,10.0,R100,0.00917230860305508,0.006650140448612495,1.7486340208319067,all_parameterized
summed_stress_benchmark,1.5,10.0,A,0.0024867611375365218,0.0017887126042403056,1.411482174493531,all_parameterized
summed_stress_benchmark,1.5,10.0,combined,,,1.580058097662719,all_parameterized
separate_phase_exposure,2.0,0.0,R100,0.017164132499484896,0.010593859937903986,3.2722172056737158,all_parameterized
separate_phase_exposure,2.0,0.0,A,0.0026999489559472066,0.002096974005472628,1.532487284700432,all_parameterized
separate_phase_exposure,2.0,0.0,combined,,,2.402352245187074,all_parameterized
separate_phase_exposure,2.0,0.03,R100,0.010754668105034745,0.007923467718688525,2.050299367920933,all_parameterized
separate_phase_exposure,2.0,0.03,A,0.0024216919227629395,0.0018862043080986844,1.374548978387617,all_parameterized
separate_phase_exposure,2.0,0.03,combined,,,1.712424173154275,all_parameterized
separate_phase_exposure,2.0,0.1,R100,0.007874284013050091,0.0062778883839679145,1.5011750597146254,all_parameterized
separate_phase_exposure,2.0,0.1,A,0.00230482603911928,0.0017519847736911665,1.3082160648320875,all_parameterized
separate_phase_exposure,2.0,0.1,combined,,,1.4046955622733566,all_parameterized
separate_phase_exposure,2.0,0.3,R100,0.007082382533917053,0.005321556318233923,1.3502047939411959,all_parameterized
separate_phase_exposure,2.0,0.3,A,0.002250200784913843,0.0016623027764961441,1.2772108462671339,all_parameterized
separate_phase_exposure,2.0,0.3,combined,,,1.313707820104165,all_parameterized
separate_phase_exposure,2.0,1.0,R100,0.006945332105275517,0.004948434684366033,1.3240771250561387,all_parameterized
separate_phase_exposure,2.0,1.0,A,0.0022021406912329502,0.0015807508421632197,1.249932003715223,all_parameterized
separate_phase_exposure,2.0,1.0,combined,,,1.287004564385681,all_parameterized
separate_phase_exposure,2.0,3.0,R100,0.006784325537618135,0.004939432637642853,1.2933823922503433,all_parameterized
separate_phase_exposure,2.0,3.0,A,0.0021452315742921907,0.0014803054410630334,1.217630467827613,all_parameterized
separate_phase_exposure,2.0,3.0,combined,,,1.2555064300389782,all_parameterized
separate_phase_exposure,2.0,10.0,R100,0.006438628047899635,0.0047829446979114265,1.227477676480465,all_parameterized
separate_phase_exposure,2.0,10.0,A,0.002072084831439082,0.0013572463652054513,1.176112477980907,all_parameterized
separate_phase_exposure,2.0,10.0,combined,,,1.201795077230686,all_parameterized
summed_stress_benchmark,2.0,0.0,R100,0.015667363550671064,0.009532956991513594,2.98686907594017,all_parameterized
summed_stress_benchmark,2.0,0.0,A,0.00334334249739583,0.002216728681049442,1.8976765669483575,all_parameterized
summed_stress_benchmark,2.0,0.0,combined,,,2.4422728214442637,all_parameterized
summed_stress_benchmark,2.0,0.03,R100,0.015605857058713106,0.009507807597014136,2.9751433099422964,all_parameterized
summed_stress_benchmark,2.0,0.03,A,0.003334744419141917,0.0022128871645113383,1.8927963096501752,all_parameterized
summed_stress_benchmark,2.0,0.03,combined,,,2.4339698097962357,all_parameterized
summed_stress_benchmark,2.0,0.1,R100,0.01546451753379961,0.009449952182437917,2.9481979560027614,all_parameterized
summed_stress_benchmark,2.0,0.1,A,0.003315012748186372,0.0022040498729448098,1.8815966405680398,all_parameterized
summed_stress_benchmark,2.0,0.1,combined,,,2.4148972982854007,all_parameterized
summed_stress_benchmark,2.0,0.3,R100,0.01507677992011047,0.009290764877361274,2.87427859591634,all_parameterized
summed_stress_benchmark,2.0,0.3,A,0.0032610753626179556,0.0021797343505523636,1.8509818552879291,all_parameterized
summed_stress_benchmark,2.0,0.3,combined,,,2.3626302256021345,all_parameterized
summed_stress_benchmark,2.0,1.0,R100,0.013884504219332931,0.008796289310966952,2.6469798925237837,all_parameterized
summed_stress_benchmark,2.0,1.0,A,0.003097096808776067,0.0021042042591208287,1.7579078554359213,all_parameterized
summed_stress_benchmark,2.0,1.0,combined,,,2.2024438739798526,all_parameterized
summed_stress_benchmark,2.0,3.0,R100,0.011477623050382165,0.007764954558201651,2.1881254777557135,all_parameterized
summed_stress_benchmark,2.0,3.0,A,0.0027758829443520782,0.0019466700684207699,1.5755873112586125,all_parameterized
summed_stress_benchmark,2.0,3.0,combined,,,1.881856394507163,all_parameterized
summed_stress_benchmark,2.0,10.0,R100,0.007971090603612877,0.00606628555364704,1.5196305331428144,all_parameterized
summed_stress_benchmark,2.0,10.0,A,0.0023339595448980703,0.001687201989620673,1.3247522023269829,all_parameterized
summed_stress_benchmark,2.0,10.0,combined,,,1.4221913677348987,all_parameterized
separate_phase_exposure,2.5,0.0,R100,0.013579409563536662,0.008983975309946442,2.5888158121611085,all_parameterized
separate_phase_exposure,2.5,0.0,A,0.0026193871475103827,0.002056089996673008,1.4867605139072444,all_parameterized
separate_phase_exposure,2.5,0.0,combined,,,2.0377881630341763,all_parameterized
separate_phase_exposure,2.5,0.03,R100,0.01023417287350023,0.007508836263735236,1.951070732150994,all_parameterized
separate_phase_exposure,2.5,0.03,A,0.0024276378599385083,0.0019112598440199026,1.3779238840861545,all_parameterized
separate_phase_exposure,2.5,0.03,combined,,,1.664497308118574,all_parameterized
separate_phase_exposure,2.5,0.1,R100,0.007926983741260923,0.006190349987465824,1.5112218801636628,all_parameterized
separate_phase_exposure,2.5,0.1,A,0.002300953366597829,0.0017792179668193124,1.3060179412772477,all_parameterized
separate_phase_exposure,2.5,0.1,combined,,,1.4086199107204553,all_parameterized
separate_phase_exposure,2.5,0.3,R100,0.007013114376359165,0.005207817746276679,1.336999322766172,all_parameterized
separate_phase_exposure,2.5,0.3,A,0.0022327530425511285,0.001672507775185489,1.2673075318882854,all_parameterized
separate_phase_exposure,2.5,0.3,combined,,,1.3021534273272288,all_parameterized
separate_phase_exposure,2.5,1.0,R100,0.006844422786177006,0.004773308731258355,1.3048394962288805,all_parameterized
separate_phase_exposure,2.5,1.0,A,0.0021849706219581426,0.001579588634197168,1.2401862961961574,all_parameterized
separate_phase_exposure,2.5,1.0,combined,,,1.272512896212519,all_parameterized
separate_phase_exposure,2.5,3.0,R100,0.006704273131119996,0.004808026415663279,1.278120982335997,all_parameterized
separate_phase_exposure,2.5,3.0,A,0.002131625563881737,0.001474596135788549,1.2099077151794222,all_parameterized
separate_phase_exposure,2.5,3.0,combined,,,1.2440143487577096,all_parameterized
separate_phase_exposure,2.5,10.0,R100,0.006389847744916249,0.004692455136715498,1.2181780659860222,all_parameterized
separate_phase_exposure,2.5,10.0,A,0.002062709819424118,0.0013245559154688917,1.170791234156945,all_parameterized
separate_phase_exposure,2.5,10.0,combined,,,1.1944846500714836,all_parameterized
summed_stress_benchmark,2.5,0.0,R100,0.013094471377038992,0.008545367388176402,2.496365868792662,all_parameterized
summed_stress_benchmark,2.5,0.0,A,0.0029805797791089927,0.0020417400146944646,1.6917729509139168,all_parameterized
summed_stress_benchmark,2.5,0.0,combined,,,2.0940694098532893,all_parameterized
summed_stress_benchmark,2.5,0.03,R100,0.013046000004505185,0.00852443245855605,2.487125153644809,all_parameterized
summed_stress_benchmark,2.5,0.03,A,0.002974104437621115,0.0020386452492218874,1.6880975560615779,all_parameterized
summed_stress_benchmark,2.5,0.03,combined,,,2.0876113548531934,all_parameterized
summed_stress_benchmark,2.5,0.1,R100,0.012934669818392102,0.008476272291823784,2.4659008622032803,all_parameterized
summed_stress_benchmark,2.5,0.1,A,0.002959253001209808,0.0020315258356934235,1.679667901341724,all_parameterized
summed_stress_benchmark,2.5,0.1,combined,,,2.072784381772502,all_parameterized
summed_stress_benchmark,2.5,0.3,R100,0.012629666745798188,0.00834376114813383,2.407754241513006,all_parameterized
summed_stress_benchmark,2.5,0.3,A,0.002918719574668376,0.0020119369992530702,1.6566611846246329,all_parameterized
summed_stress_benchmark,2.5,0.3,combined,,,2.0322077130688196,all_parameterized
summed_stress_benchmark,2.5,1.0,R100,0.011696015419180623,0.007932148408046909,2.2297603967818627,all_parameterized
summed_stress_benchmark,2.5,1.0,A,0.0027960963979413956,0.0019510891760602237,1.5870604394958252,all_parameterized
summed_stress_benchmark,2.5,1.0,combined,,,1.908410418138844,all_parameterized
summed_stress_benchmark,2.5,3.0,R100,0.009837182618428994,0.0070736418358656175,1.875387423182837,all_parameterized
summed_stress_benchmark,2.5,3.0,A,0.002558892108844576,0.0018241780019722853,1.4524236138193367,all_parameterized
summed_stress_benchmark,2.5,3.0,combined,,,1.6639055185010867,all_parameterized
summed_stress_benchmark,2.5,10.0,R100,0.007244645775991567,0.005659631011096431,1.3811391025979578,all_parameterized
summed_stress_benchmark,2.5,10.0,A,0.0022404843198010164,0.0016151478328862707,1.2716957941381508,all_parameterized
summed_stress_benchmark,2.5,10.0,combined,,,1.3264174483680544,all_parameterized
separate_phase_exposure,3.0,0.0,R100,0.010945960499352026,0.007676534527506723,2.0867678736271382,all_parameterized
separate_phase_exposure,3.0,0.0,A,0.002599419465102353,0.0020515823663210626,1.47542688505184,all_parameterized
separate_phase_exposure,3.0,0.0,combined,,,1.781097379339489,all_parameterized
separate_phase_exposure,3.0,0.03,R100,0.009223215500876729,0.006838091494966017,1.7583390511877648,all_parameterized
separate_phase_exposure,3.0,0.03,A,0.0024496970976525347,0.0019418996646322637,1.3904446768339085,all_parameterized
separate_phase_exposure,3.0,0.03,combined,,,1.5743918640108365,all_parameterized
separate_phase_exposure,3.0,0.1,R100,0.00768510500967106,0.005883126882086528,1.4651094566421923,all_parameterized
separate_phase_exposure,3.0,0.1,A,0.0023153932317568895,0.0018152843092569637,1.3142139887248505,all_parameterized
separate_phase_exposure,3.0,0.1,combined,,,1.3896617226835213,all_parameterized
separate_phase_exposure,3.0,0.3,R100,0.006895219950641467,0.0050009471923276785,1.3145236067171349,all_parameterized
separate_phase_exposure,3.0,0.3,A,0.0022272147627901873,0.0016920375762952986,1.2641640119731918,all_parameterized
separate_phase_exposure,3.0,0.3,combined,,,1.2893438093451635,all_parameterized
separate_phase_exposure,3.0,1.0,R100,0.006736081413558104,0.0046176723732345906,1.2841850003736128,all_parameterized
separate_phase_exposure,3.0,1.0,A,0.002172742537286792,0.0015820523348463135,1.2332456522873874,all_parameterized
separate_phase_exposure,3.0,1.0,combined,,,1.2587153263305,all_parameterized
separate_phase_exposure,3.0,3.0,R100,0.006620399752479483,0.004683878401529576,1.2621311318327042,all_parameterized
separate_phase_exposure,3.0,3.0,A,0.0021198118865092814,0.0014690360535512803,1.2032022882790494,all_parameterized
separate_phase_exposure,3.0,3.0,combined,,,1.2326667100558768,all_parameterized
separate_phase_exposure,3.0,10.0,R100,0.006340156607355617,0.004606515149896944,1.2087048114944086,all_parameterized
separate_phase_exposure,3.0,10.0,A,0.002053547467259133,0.0012916737426476972,1.1655906957690403,all_parameterized
separate_phase_exposure,3.0,10.0,combined,,,1.1871477536317245,all_parameterized
summed_stress_benchmark,3.0,0.0,R100,0.011290847191378376,0.00782103695323806,2.1525180167054665,all_parameterized
summed_stress_benchmark,3.0,0.0,A,0.0027333164096693726,0.0019109462274732,1.5514266051788483,all_parameterized
summed_stress_benchmark,3.0,0.0,combined,,,1.8519723109421573,all_parameterized
summed_stress_benchmark,3.0,0.03,R100,0.011252101684576753,0.0078031930496558505,2.1451314672248785,all_parameterized
summed_stress_benchmark,3.0,0.03,A,0.0027283624670012864,0.0019084096147199171,1.5486147541876456,all_parameterized
summed_stress_benchmark,3.0,0.03,combined,,,1.846873110706262,all_parameterized
summed_stress_benchmark,3.0,0.1,R100,0.011163161927582831,0.0077621436939972486,2.128175748483329,all_parameterized
summed_stress_benchmark,3.0,0.1,A,0.002717006489433129,0.0019025742144893596,1.5421691170617249,all_parameterized
summed_stress_benchmark,3.0,0.1,combined,,,1.8351724327725267,all_parameterized
summed_stress_benchmark,3.0,0.3,R100,0.010919883612029124,0.007649197717371035,2.0817965044436986,all_parameterized
summed_stress_benchmark,3.0,0.3,A,0.0026860567946669902,0.0018865182991778854,1.524602113215229,all_parameterized
summed_stress_benchmark,3.0,0.3,combined,,,1.8031993088294638,all_parameterized
summed_stress_benchmark,3.0,1.0,R100,0.010179066539261544,0.007298359277475859,1.94056510974084,all_parameterized
summed_stress_benchmark,3.0,1.0,A,0.0025928338374021846,0.0018366446122416171,1.471688891898285,all_parameterized
summed_stress_benchmark,3.0,1.0,combined,,,1.7061270008195626,all_parameterized
summed_stress_benchmark,3.0,3.0,R100,0.008726991551643868,0.006566610531408778,1.6637375591172592,all_parameterized
summed_stress_benchmark,3.0,3.0,A,0.002414415707523728,0.0017326223509174007,1.3704190087042,all_parameterized
summed_stress_benchmark,3.0,3.0,combined,,,1.5170782839107297,all_parameterized
summed_stress_benchmark,3.0,10.0,R100,0.006790694356164333,0.005361377302592408,1.2945965612523194,all_parameterized
summed_stress_benchmark,3.0,10.0,A,0.002179441038918551,0.0015612915675598674,1.2370477125280464,all_parameterized
summed_stress_benchmark,3.0,10.0,combined,,,1.2658221368901827,all_parameterized
