target_parameter,match_rank,strategy_low,strategy_high,target_standardized_contrast,nuisance_standardized_distance,match_score,match_quality,delta_d1,delta_d2,delta_R100,delta_A,delta_SOH_200,delta_quadratic_eol,delta_IR0,delta_Tavg_mean_1_50
C1,1,S8,S6,2.920198461597792,2.0767136307036074,0.711154963614127,weak,-0.015804212232931922,0.0003314482324219744,-0.01503020107356932,0.0006628964648439488,0.02782651309999995,315.8806559898144,0.001853856249999999,0.035814714499998956
C1,2,S8,S7,2.920198461597792,2.4704060726690735,0.8459719793556039,weak,-0.016437317029298022,9.288400529550839e-05,-0.015283682927880671,0.00018576801059101678,0.028280646200000037,456.4074954447781,0.0017439657499999997,0.09596158589999959
C1,3,S8,S5,2.459114493977088,3.115344032920572,1.2668560331577623,weak,-0.01650941529530845,0.00019005376533243895,-0.015880318133530153,0.0003801075306648779,0.0293430321,408.8035249371551,0.0020623062499999997,-1.3194169966999993
Q1,1,S9,S6,2.878322846435438,1.2673986005193574,0.4403253797915423,weak,0.0007052031953624926,0.0003892587738320442,0.001594848751128239,0.0007785175476640884,-0.0030173169000000666,-315.96321865728896,-4.3566999999999564e-05,2.4034601998000014
Q1,2,S6,S7,0.8021555473672531,0.46108396762070364,0.5748061820852861,good,-0.0006331047963661008,-0.000238564227126466,-0.0002534818543113511,-0.000477128454252932,0.000454133100000087,140.5268394549637,-0.00010989049999999938,0.060146871400000634
Q1,3,S4,S6,2.264909780801656,1.3041424008039926,0.5758032447289783,weak,0.0007051528079964616,7.042499330447505e-05,0.0007920432182765744,0.0001408499866089501,-0.0014447507000000526,-29.244721773638958,-0.00011935400000000033,1.8581355704000018
C2,1,S9,S4,1.2295572469885434,0.686122276322969,0.5580238561510117,good,5.038736603089106e-08,0.00031883378052756915,0.0008028055328516647,0.0006376675610551383,-0.001572566200000014,-286.71849688365,7.578700000000077e-05,0.5453246293999996
C2,2,S8,S4,2.9201984615977916,2.622526961069354,0.8980646334682452,weak,-0.016509365040928384,0.00026102323911749933,-0.015822244291845894,0.0005220464782349987,0.029271263800000002,345.12537776345334,0.0019732102499999994,-1.8223208559000028
C2,3,S8,S5,2.9201984615977916,2.687945959803488,0.9204668775603606,weak,-0.01650941529530845,0.00019005376533243895,-0.015880318133530153,0.0003801075306648779,0.0293430321,408.8035249371551,0.0020623062499999997,-1.3194169966999993
