strategy,strategy_code,dataset_id,C1,Q1,C2,a,d1,d2,R100,R200,A,quadratic_eol,SOH_150,SOH_200,SOH_slope_1_50_per100,SOH_slope_50_100_per100,SOH_slope_100_150_per100,SOH_slope_150_200_per100,SOH_slope_50_200_per100,initial_capacity,IR0,IR_mean_1_50,IR_delta_early,IR_slope_1_50_per100,Tavg0,Tavg_mean_1_50,Tavg_delta_early,Tavg_slope_1_50_per100,chargetime0,chargetime_mean_1_50,chargetime_delta_early,chargetime_slope_1_50_per100,mean_chargetime,n_batteries,a_sd,eol_sd,parameterized,main_dataset3
3_6C-80PER_3_6C,S1,1,3.6,80,3.6,1.0019584178296217,1.8634359458408406e-18,0.001106044934116304,0.0022120898682326104,0.004424179736465218,0.002212089868232608,1407.7785950045763,0.9997447317999999,0.9968152003499999,0.0060003528625,-0.0018289461995,-0.0025727394025,-0.005365313459500001,-0.002784711572,1.07937135,0.01667532825,0.016700783495,5.289250000001938e-06,4.4266233766241607e-05,31.89559363,31.571202383,-0.3889835574999978,-0.7633354841269839,13.362362919999999,13.381249000199999,-0.00028750499999929957,0.0003636363636360544,13.382242365,2,0.00573410665476081,315.63250615171086,True,False
3_7C_31PER_5_9C_NEWSTRUCTURE,S8,3,3.7,31,5.9,1.0016190222791175,0.01650942884081581,0.0007927631557428319,0.018094955152301473,0.019680481463787133,0.0015855263114856637,1017.3235277786014,0.9748894899,0.9659456597,-0.015684142175,-0.01848869214,-0.01852045522,-0.01814091011,-0.018560110825,1.0606976000000001,0.013568729250000001,0.01368223856,0.00020685599999999919,0.0005213060439560391,34.982818339999994,35.1118203991,0.22257535500000358,0.6309136523809544,10.062208332500001,10.0675349333,0.016209584999998583,0.046392617777778054,10.13354416,2,0.00035416494033969106,454.63985219410887,True,True
4_8C_80PER_4_8C,S3,2,4.8,80,4.8,1.0001337854722645,1.5071518039199298e-09,0.0035873841211454477,0.0071747697494427,0.014349537991733595,0.0071747682422908955,776.0733376858973,0.99212453605,0.9854612775,0.0035435904335,-0.0048996048019999995,-0.00931468789,-0.013172353835000001,-0.009320957118,1.0727953000000001,0.017385480499999998,0.01716977414,-0.0002603459999999981,-0.0003713030434782614,30.4787334475,30.213765277,-0.6992102025000015,-1.4255926785714277,10.02934625,10.0515029164,0.02111750000000079,-5.006288981058701e-05,10.45034079,2,0.00021154148737957944,174.71297657469077,True,False
4_8C_80PER_4_8C_NEWSTRUCTURE,S9,3,4.8,80,4.8,0.9996908586764325,1.3412521394358792e-08,0.000734952614332762,0.0014699053276039126,0.002939810556269437,0.001469905228665524,1649.1674024257047,0.9982209931,0.9967894897,0.002343414213,-0.001776791782,-0.002268548221,-0.002719024816,-0.001999693054,1.070919,0.0154661525,0.015424359340000002,-8.29850000000007e-05,-0.00013741428571428495,32.652684914999995,32.744174913799995,0.15016179999999935,0.38552918181816215,11.038511665,11.038442866399999,-8.999999999836916e-05,-0.0007555333333364445,11.03899925,5,0.02022553386295839,305.167683078306,True,True
5C_67PER_4C_NEWSTRUCTURE,S4,3,5.0,67,4.0,0.9998654898352295,6.379988742524985e-08,0.0010537863948603312,0.0022727108604555773,0.004531379983428946,0.0021075727897206624,1362.4489055420547,0.9973085539,0.9952169235,0.0012734545695,-0.0021806453439999996,-0.002971250802,-0.0035088276135,-0.003033401388,1.06841265,0.015541939500000001,0.01545506845,-7.341099999999892e-05,-0.00013456261111110743,33.3081157225,33.289499543199994,0.0976649149999993,0.29804653448276275,10.0432716675,10.043367349599999,-9.250000000093905e-05,-0.00032813220551491116,10.043291530000001,6,7.761887131012214e-05,142.47831739502223,True,True
5_3C_54PER_4C_NEWSTRUCTURE,S5,3,5.3,54,4.0,0.9998210590100024,1.3545507357484716e-08,0.0009828169210752708,0.002214637018771321,0.004429271726514101,0.0019656338421505416,1426.1270527157565,0.9972952629,0.9952886918,0.001419443529,-0.001900922321,-0.003045154278,-0.003221171387,-0.00287386046,1.069051,0.0156310355,0.015573748679999999,-5.010800000000183e-05,-0.00014318965517241583,33.77397489,33.7924034024,0.10341031500000497,0.33048452631578734,10.04303,10.0433070662,-0.00017499999999870397,-4.5454545468973343e-05,10.04299226,7,0.0005124229045995649,175.04502009324614,True,True
5_6C_19PER_4_6C_NEWSTRUCTURE,S6,3,5.6,19,4.6,0.999876060478212,0.0007052166078838869,0.0011242113881648062,0.0030647540787321517,0.004496868327378392,0.0022484227763296125,1333.2041837684158,0.9962870081,0.9937721728,-6.226193356e-05,-0.003090539708,-0.003102316858,-0.00474222227,-0.003582923081,1.0696447,0.0154225855,0.015376516740000002,-5.484000000000218e-05,-0.00011965000000000162,35.076886439999996,35.147635113599996,0.14115345999999818,0.5220877499999925,10.042888335,10.042792033200001,-8.750499999976569e-05,8.335714286441689e-05,10.04310122,7,0.0001431094499698221,232.59341379230932,True,True
5_6C_36PER_4_3C_NEWSTRUCTURE,S7,3,5.6,36,4.3,0.9998361605117256,7.211181151778614e-05,0.0008856471610383403,0.0028112722244208006,0.004215300066557567,0.0017712943220766805,1473.7310232233795,0.9965804691,0.9942263059,0.001076197851,-0.002759381295,-0.003167476097,-0.004075560566,-0.003551131165,1.0644526,0.015312695000000001,0.015190126100000001,-4.921750000000044e-05,-0.00010464999999999433,35.125359695,35.207781985,0.12537113499999464,0.4023208684210513,10.043073334999999,10.0430157332,1.4999999999432134e-05,0.0001874999999984528,10.04309163,7,0.00020970648723818276,253.95306500493632,True,True
80PER_3_6C,S2,2,,80,3.6,0.9996488348571237,0.0051990520127702606,0.002152263793575554,0.009503579599921368,0.013808107187072477,0.004304527587151108,930.6987961140712,0.9869891809,0.9804903002,-0.00528620153,-0.008513412669000001,-0.0106363148225,-0.01287512933,-0.010560580005500001,1.0302574,0.01698005125,0.01707041761,0.00011978325000000165,0.0003936042763157898,32.4509098675,32.2419222419,-0.1402827749999993,-0.829493429166644,13.38370625,13.385027466699999,-0.013676249999998724,0.000455279411768418,13.396888955,2,0.0005061933915441874,368.1811516601592,False,False
