battery_id,strategy,dataset_id,requested_samples,valid_samples,valid_fraction,a_median,a_ci95_low,a_ci95_high,d1_median,d1_ci95_low,d1_ci95_high,d2_median,d2_ci95_low,d2_ci95_high,R100_median,R100_ci95_low,R100_ci95_high,R200_median,R200_ci95_low,R200_ci95_high,A_median,A_ci95_low,A_ci95_high,quadratic_eol_median,quadratic_eol_ci95_low,quadratic_eol_ci95_high,d1_boundary_fraction,d2_boundary_fraction,d1_d2_correlation
1,3_6C-80PER_3_6C,1,300,300,1.0,1.0060480321529037,1.0055319147147013,1.00661115366103,3.8395369273580883e-07,1.8676187267798832e-25,0.001571747242994653,0.0013664607670648287,0.0007421263669663493,0.0016397101985303481,0.0029230008673936077,0.002504207667403529,0.0033307006950669704,0.005594271724219184,0.004306096766720521,0.00655884079412873,0.0027329215341296573,0.0014842527339326986,0.0032794203970606963,1225.8660479402927,1121.0456458130122,1578.2217685929572,0.4166666666666667,0.0,-0.9027365505942968
3,3_6C-80PER_3_6C,1,300,300,1.0,0.9979330321884414,0.9977653174833885,0.9981265257741809,3.151316464443379e-05,1.0653346801844131e-11,0.0006024258772439499,0.0007111360241422664,0.00044934219734063763,0.0008016219804446421,0.001491360090558907,0.0013698682300247458,0.0016277814978435034,0.0028879955144512194,0.0023937731786800045,0.0032117062580639425,0.0014222720482845329,0.0008986843946812753,0.0016032439608892842,1664.6995742901602,1571.3121527202716,2032.6995010639498,0.19,0.0,-0.9324120462270225
4,80PER_3_6C,2,300,300,1.0,0.9999546162342328,0.99964901874236,1.0001954154420345,0.010420366081289226,0.009738604228428748,0.011015492697329697,0.0028947072182475943,0.0026152055484820647,0.0032039212321455543,0.01619767887224846,0.01602605324187575,0.016337350709855807,0.02199108325011604,0.021401486885931974,0.022626434495098078,0.005789414436495189,0.005230411096964129,0.0064078424642911086,670.5622383950405,652.066834253657,689.4554455240506,0.0,0.0,-0.9682015600320766
6,80PER_3_6C,2,300,300,1.0,0.9993104701894577,0.9991898967484211,0.9994696403355557,5.5160152361694625e-06,3.927873483826982e-13,0.00037168043576156295,0.0013842651694331424,0.0012117822316728315,0.0014575890425373528,0.002812160995528278,0.002703388816604341,0.0029472767047704217,0.0055636762628770275,0.005256575614083281,0.005833658528499997,0.002768530338866285,0.002423564463345663,0.0029151780850747056,1199.043556760816,1169.3933807038834,1266.4451185776597,0.09,0.0,-0.8829601007906495
7,4_8C_80PER_4_8C,2,300,300,1.0,0.9999947704709495,0.9996120771810866,1.0003160475843036,1.2507574326268913e-06,1.3823947214606721e-22,0.0011715240770149601,0.0023952472359462106,0.001924256977513263,0.0026455029433489173,0.004940237115966075,0.004618262423498784,0.005329653231064241,0.009671669907082797,0.00876345208499251,0.010582112110011924,0.004790494471892421,0.003848513955026526,0.005291005886697835,911.8852546319389,869.7998536920243,990.3875062880702,0.3466666666666667,0.0,-0.899030888210709
8,4_8C_80PER_4_8C,2,300,300,1.0,1.0002968453487808,1.0001086942687962,1.000486990643093,1.3244975523937011e-06,1.4064037150753789e-21,0.0006023258839408127,0.004676670107559055,0.004421048744391449,0.004796412348405143,0.00941409744520821,0.009238713691828935,0.009595375461380957,0.018727032433007527,0.018233875102968398,0.01919075048400477,0.00935334021511811,0.008842097488782898,0.009592824696810286,654.1816343308371,646.2270829169146,667.0400547538087,0.25333333333333335,0.0,-0.8867026000605815
12,5_6C_19PER_4_6C_NEWSTRUCTURE,3,300,300,1.0,0.9997512958734913,0.9995227175940432,1.0000091832384146,0.0009576975393383566,0.0004577115736280222,0.0015106950167601012,0.0008710118958252149,0.0005883506622071728,0.0011044431166194575,0.0027015024883506314,0.0025672066338720094,0.0028165222898809393,0.004438459392295309,0.003870832369161586,0.004950785001685343,0.0017420237916504298,0.0011767013244143457,0.002208886233238915,1460.7130887619724,1321.7687073938605,1716.137339670387,0.0,0.0,-0.9697212265509112
13,5_6C_36PER_4_3C_NEWSTRUCTURE,3,300,300,1.0,0.9997740261687029,0.999546549895851,1.000000640368854,0.0005466651950345729,6.946523077480813e-07,0.0010234260576242559,0.0008726466979414847,0.0006339147839724507,0.0011177563638360376,0.0022772915929193905,0.0021590343030724744,0.0024171252878705794,0.0040201024218999935,0.0035208848835986137,0.004522233717551288,0.0017452933958829694,0.0012678295679449014,0.002235512727672075,1482.2435458609584,1336.1055061740392,1695.905306575186,0.016666666666666666,0.0,-0.9649587346309436
15,5_6C_36PER_4_3C_NEWSTRUCTURE,3,300,300,1.0,0.9997152412785054,0.99959069106189,0.9999089466323615,5.447667911115196e-05,2.71014862214539e-21,0.0005140112896342319,0.0014875312121178765,0.0012628645843606367,0.0015710695007449878,0.0030651525975989354,0.0029479934110932847,0.003169252358642281,0.0060172163633595895,0.0055964614750803,0.006284297115262999,0.002975062424235753,0.0025257291687212735,0.0031421390014899756,1156.3884568474264,1127.589430295577,1236.3501409967316,0.16666666666666666,0.0,-0.9373473385851666
17,4_8C_80PER_4_8C_NEWSTRUCTURE,3,300,300,1.0,0.9996312031189781,0.9995053478740731,0.999751103200584,2.269072132045492e-05,2.621648632112334e-18,0.00044258495561149937,0.0005444222138845188,0.000350877050792729,0.0006197319432232137,0.0011496294644768612,0.001042735812949551,0.001258902043188312,0.002222520665525856,0.00185335097911054,0.0024889974082407218,0.0010888444277690377,0.000701754101585458,0.0012394638864464274,1913.4494340287806,1791.321741982151,2324.077647687858,0.21333333333333335,0.0,-0.9191638556240426
18,5C_67PER_4C_NEWSTRUCTURE,3,300,300,1.0,0.9998604017837943,0.9996996642759836,1.0000860599111607,6.893107163241339e-07,8.591888469742988e-24,0.0005284110478002318,0.001237205284162708,0.0010208079652821464,0.0013290337020890573,0.0025294600569981582,0.0023837854300613887,0.0026832421641996844,0.004971760606971786,0.004552601810596971,0.005329436328725507,0.002474410568325416,0.002041615930564293,0.0026580674041781147,1270.2885376011118,1226.6116225008332,1378.607086417419,0.3333333333333333,0.0,-0.8752371574200221
19,5_3C_54PER_4C_NEWSTRUCTURE,3,300,300,1.0,0.9998359207507659,0.9997164883955578,0.9999427142724957,6.190453165712843e-07,5.2591442732023055e-11,0.00033066702256892837,0.0006265847062910724,0.0004995734537544112,0.000687185791210156,0.0012919396104602173,0.0011950606583960408,0.0013958180091550876,0.002533810267221549,0.002267239799650034,0.002748772973931523,0.0012531694125821448,0.0009991469075088224,0.001374371582420312,1784.6657465740461,1705.3675561556304,1970.7352188260504,0.17666666666666667,0.0,-0.8749076284155188
20,4_8C_80PER_4_8C_NEWSTRUCTURE,3,300,300,1.0,0.9998767832772819,0.9997300055515801,1.0000503613367455,4.207985455374534e-06,8.967117662518601e-22,0.00046737367467244805,0.001004197352049492,0.0008052654574167413,0.0011035523746535155,0.0020745394388013293,0.0019379847300321112,0.00221118698316571,0.004053236407848293,0.0036494536364866923,0.004418062071550643,0.002008394704098984,0.0016105309148334826,0.002207104749307031,1409.8172652068383,1345.6432810384554,1548.7387947747618,0.2833333333333333,0.0,-0.9037857352289878
21,5_6C_19PER_4_6C_NEWSTRUCTURE,3,300,300,1.0,0.9999520854251652,0.9997270412106725,1.0001404718490876,0.0007136266208240809,0.0002471084661258423,0.0011763003506374678,0.0013825866691306902,0.0011654059615870372,0.0016080887889585811,0.003476994410035979,0.003350251667894682,0.003604719707373051,0.006247666975501158,0.005800016794900526,0.006745925420624311,0.0027651733382613804,0.0023308119231740744,0.0032161775779171622,1176.3175834632207,1103.8783375989362,1261.533995682403,0.0,0.0,-0.9660646752188209
22,5_6C_36PER_4_3C_NEWSTRUCTURE,3,300,300,1.0,0.9997492253583515,0.9996302690869991,0.9999297829234844,4.810576511616509e-05,1.098918084844182e-14,0.0005013857019782508,0.0007546521340122537,0.0005418925613389274,0.0008297734802729533,0.0015853557486869172,0.0014841651570656495,0.0016918536951858654,0.003072993741903004,0.002687819372128406,0.003322494634588772,0.0015093042680245075,0.0010837851226778547,0.0016595469605459065,1624.1144897716079,1551.5384078244751,1872.6076640438966,0.15333333333333332,0.0,-0.9318608014932726
23,5_6C_19PER_4_6C_NEWSTRUCTURE,3,300,300,1.0,0.9998872493368387,0.9996800917303035,1.000119960744443,0.00031338307484617795,1.244479495231799e-21,0.0009279423201215818,0.0015869306148148894,0.0012953765418942608,0.0017931602246682593,0.0034951958009562254,0.0033561740813523267,0.003638690395273929,0.006672135767024873,0.006052255878939466,0.007173682918635993,0.0031738612296297788,0.0025907530837885216,0.0035863204493365186,1111.6158538931018,1055.747846247072,1209.667224536871,0.08,0.0,-0.9584573444468746
26,5_3C_54PER_4C_NEWSTRUCTURE,3,300,300,1.0,0.9986102967582245,0.9984813576489638,0.9988857043143369,9.03687036183389e-06,2.7158879850192645e-22,0.0007003760787664346,0.0010757117238899116,0.0007985625566843249,0.0011702585280584197,0.002221051168224401,0.002086446056729856,0.0023657794799185504,0.004352713981209594,0.0038829843635584406,0.004693929121936562,0.002151423447779823,0.0015971251133686498,0.0023405170561168393,1357.1722150342766,1302.580594904184,1539.2552168945176,0.2833333333333333,0.0,-0.9274974703217916
27,5_6C_19PER_4_6C_NEWSTRUCTURE,3,300,300,1.0,1.0001254322846793,0.9998906444971231,1.000323081140862,0.0022486126925171258,0.0017276086721580623,0.0027578932157598544,0.0005277601813300047,0.0002847608310198304,0.0007815934314887301,0.0033137939810176957,0.0032024114738064212,0.0034458563973996837,0.004383420270130941,0.0038263965077116333,0.004899491849583055,0.0010555203626600093,0.0005695216620396607,0.0015631868629774602,1743.3950975804535,1489.8293496394483,2209.916838192845,0.0,0.0,-0.9714191492195762
28,5_6C_36PER_4_3C_NEWSTRUCTURE,3,300,300,1.0,1.0002943705708496,1.000064526963911,1.000495648520005,0.002472177198617448,0.0019798792097467234,0.002949990985492863,0.00043595707844594944,0.00020861553952012936,0.0006602029950375448,0.003332458852291254,0.0032293241111310406,0.0034487307889557958,0.004201672002002878,0.003734694344765709,0.004659966500597942,0.0008719141568918989,0.0004172310790402587,0.0013204059900750896,1884.3701026219542,1596.228188128068,2463.862770261464,0.0,0.0,-0.9726762807735765
29,5C_67PER_4C_NEWSTRUCTURE,3,300,300,1.0,0.9998257740474649,0.999708863053122,0.999974912583047,4.429655005245394e-06,3.9937832554279424e-23,0.00045404380286791045,0.0011849276163797186,0.000978638657645258,0.0012570446947272422,0.00240945580085205,0.002306724225984863,0.002534671898302783,0.004764524596593719,0.004349747320085007,0.005028186872143693,0.0023698552327594373,0.001957277315290516,0.0025140893894544845,1297.58923400644,1260.8794935727185,1408.1293057999335,0.2966666666666667,0.0,-0.902733867675582
30,3_7C_31PER_5_9C_NEWSTRUCTURE,3,300,300,1.0,1.00133044329993,1.0011174467579251,1.001507868877047,0.01498146239599752,0.01452011567671141,0.015171969158432226,4.99971647937805e-06,2.669352251880411e-24,0.0002537119286318326,0.015046186358255678,0.014916240381137005,0.015179308965411621,0.0151034436899493,0.014943186927368658,0.015551114200167533,9.9994329587561e-06,5.338704503760822e-24,0.0005074238572636652,1326.8970992981135,1151.9412888645027,1346.5299033683093,0.0,0.3233333333333333,-0.9109312558724145
31,5C_67PER_4C_NEWSTRUCTURE,3,300,300,1.0,0.9999323490675028,0.9996917118932819,1.0001489136098631,2.7667253156666426e-06,4.136889831354667e-23,0.0007174656886770347,0.00102333109467233,0.0006964596024395229,0.0011521523046121348,0.002139864645882396,0.0019551966351444945,0.0023393073286234025,0.0041577729793468,0.0034866605357590976,0.00460867098721791,0.00204666218934466,0.0013929192048790459,0.0023043046092242696,1393.463085299864,1317.5259080322753,1646.4641828196948,0.3433333333333333,0.0,-0.9105158353138489
32,5_3C_54PER_4C_NEWSTRUCTURE,3,300,300,1.0,0.9998813999674018,0.9997073622321146,1.000060426006944,3.151514520363449e-05,1.0271550700698057e-18,0.0006617528582919229,0.000949067871939978,0.0006433806279179911,0.0010862064574541407,0.0019639773706225,0.0018314952677792873,0.0021775816593184558,0.003834544890307384,0.0032224738248127502,0.004344913456280982,0.001898135743879956,0.0012867612558359822,0.0021724129149082814,1448.4553370256563,1356.9994732029988,1716.5298773679197,0.25333333333333335,0.0,-0.9270780630220786
33,5_6C_19PER_4_6C_NEWSTRUCTURE,3,300,300,1.0,0.9998390741837158,0.9997116254069082,0.9999722596703268,5.612573636602174e-07,1.185375150917766e-22,0.0003955105905049464,0.0011006153750569192,0.00093206461221747,0.0011662958159501672,0.002245940440941922,0.002149084678225692,0.0023543337249351997,0.004437443110212748,0.004114727353848279,0.004678195274480347,0.0022012307501138384,0.00186412922443494,0.0023325916319003343,1345.3567230467079,1309.1463824441576,1444.0228611111017,0.30333333333333334,0.0,-0.9017154414298328
34,5_6C_36PER_4_3C_NEWSTRUCTURE,3,300,300,1.0,0.9998700870586339,0.9997358220949015,1.0000155606592407,2.171333527531783e-06,1.5140431396974933e-23,0.0004091899095722532,0.0013771009672084045,0.001207375322749831,0.0014617288411374052,0.0028214288894487937,0.0026913750851370417,0.0029461421102575033,0.005557164763756329,0.0052141698882795075,0.005846920836244916,0.002754201934416809,0.002414750645499662,0.0029234576822748104,1203.8465015184147,1169.4184923968364,1272.1644578954795,0.33666666666666667,0.0,-0.8512337658918829
35,3_7C_31PER_5_9C_NEWSTRUCTURE,3,300,300,1.0,1.001921963114348,1.001546521202032,1.0022858806628734,0.017981676019741495,0.017214379695608063,0.018828564878519076,0.0015841483178116746,0.0011826870086548583,0.001980234607642796,0.021157464441051432,0.020939109447248565,0.021392540671875005,0.024360380948269707,0.023493518865596644,0.02508308827942163,0.0031682966356233492,0.0023653740173097165,0.003960469215285592,695.084177372836,665.1412991578001,736.0797017703237,0.0,0.0,-0.9608493150975753
36,5_3C_54PER_4C_NEWSTRUCTURE,3,300,300,1.0,0.9998843851124782,0.9997636409517593,0.9999951325947432,2.3327379146416054e-05,4.303436366770719e-23,0.00037902939479690585,0.0010950077865401007,0.0009293521631025772,0.0011686006954955155,0.0022440586174327683,0.0021445260731847325,0.0023455188348291446,0.004424398589656259,0.00410747311466417,0.004674417351343799,0.0021900155730802014,0.0018587043262051543,0.002337201390991031,1349.5592002187623,1307.9281022826594,1447.2363253021583,0.25666666666666665,0.0,-0.9189639751714068
37,5C_67PER_4C_NEWSTRUCTURE,3,300,300,1.0,0.9999643481857639,0.999720293865535,1.0002199396033082,0.0006445364708178525,0.00010740812822523831,0.0012055653737062535,0.0010275152893813603,0.0007536689019634013,0.0012650909258767977,0.0027036046503549596,0.0025501766148164247,0.0028493856939570124,0.004744958577279438,0.004171022163201231,0.0052428608311362165,0.0020550305787627207,0.0015073378039268026,0.0025301818517535954,1363.6650544704526,1251.5691992852207,1554.3612761387672,0.006666666666666667,0.0,-0.9608998815655925
38,5_3C_54PER_4C_NEWSTRUCTURE,3,300,300,1.0,1.0001347709940152,0.9999196122899371,1.000335878229508,0.0016115536342023516,0.0011284514536838586,0.002099391143202937,0.0008531319793977318,0.0006264411276290362,0.0010958506844880864,0.0033169146669034737,0.003193626940052243,0.0034442454772389045,0.005020808564929633,0.00455199553651236,0.005530268081248586,0.0017062639587954636,0.0012528822552580724,0.002191701368976173,1442.3582084199115,1299.2274234400722,1628.5976879398795,0.0,0.0,-0.9673992093030076
39,5_6C_19PER_4_6C_NEWSTRUCTURE,3,300,300,1.0,0.9999838922249651,0.999783022581902,1.0001854248824567,0.0012167149766327888,0.0007773552864609546,0.001623668151460546,0.0007806978019395292,0.0005937946720932423,0.0010077136579652959,0.0027848509936207987,0.0026649952386811585,0.002906541227331029,0.004352858445964922,0.00394830410993256,0.0047872608962634304,0.0015613956038790584,0.0011875893441864846,0.0020154273159305918,1523.5639958233432,1370.2003272510767,1708.3367769704553,0.0,0.0,-0.9639757405956276
40,5_6C_36PER_4_3C_NEWSTRUCTURE,3,300,300,1.0,1.0000152920330505,0.999797599424665,1.0002288359042737,0.0015768903161649341,0.0011017641494741426,0.0021003076457676694,0.0009919863524942311,0.0007439845696573125,0.0012261051420566294,0.0035724618471493137,0.003440556745252261,0.0036930374202093063,0.005559410020393958,0.00507309548895383,0.006078109347848566,0.0019839727049884622,0.001487969139314625,0.0024522102841132588,1342.7376001906655,1230.6706826265297,1505.5899412868148,0.0,0.0,-0.9701355779379682
41,4_8C_80PER_4_8C_NEWSTRUCTURE,3,300,300,1.0,0.9546043402120268,0.9543779648343522,0.9549406369478717,7.741752363903492e-06,2.269317121445526e-21,0.0008690507928791734,0.0012103393084075772,0.000839472577183364,0.0013324139499307438,0.0025333526123072292,0.0022950673404743384,0.0027476376940723593,0.0049204684805562605,0.0042150645993614495,0.005344412632248267,0.0024206786168151544,0.001678945154366728,0.0026648278998614877,1127.0171975577769,1076.9606503626856,1306.3157278264666,0.26,0.0,-0.9152000784106379
42,5C_67PER_4C_NEWSTRUCTURE,3,300,300,1.0,0.9997419077685008,0.9995877777983063,0.9999078101882152,0.00028688591186099114,9.066736710593896e-10,0.0006804772609649218,0.0007820333289125926,0.0005879795403939228,0.0009350957539948415,0.001831752314675852,0.0017368108416641313,0.0019368746659496419,0.0033807183910267028,0.0029771447334073576,0.0037467334725280466,0.0015640666578251852,0.0011759590807878457,0.001870191507989683,1580.648027681466,1461.2448619685042,1790.8159201626509,0.03,0.0,-0.964925767001185
43,5_3C_54PER_4C_NEWSTRUCTURE,3,300,300,1.0,0.9997996987104796,0.999542898257185,1.0001226258165574,0.00047971587006208084,1.014545455334697e-19,0.0011860016213856722,0.0011309719916273095,0.0007903626873385761,0.0014221750072461027,0.0027541826496417904,0.0025633700268014696,0.002942965849827638,0.005037455398935112,0.004318345492594988,0.005690423712264007,0.002261943983254619,0.0015807253746771522,0.0028443500144922054,1306.0436064735213,1184.4814672843893,1513.4322756421216,0.07333333333333333,0.0,-0.9576647118162771
44,5_6C_19PER_4_6C_NEWSTRUCTURE,3,300,300,1.0,0.9998398990063484,0.9996837665592969,1.0000081674122452,7.585958774577523e-06,1.01858889537099e-22,0.0005003209887266902,0.0014991512876596927,0.0012994587774798874,0.0016022322662201387,0.0030761185656476334,0.0029510184280976516,0.0032134910490878815,0.006058208619984567,0.0056534846707409735,0.0064089326516546434,0.0029983025753193854,0.002598917554959775,0.0032044645324402774,1153.0040635572407,1116.8451324867976,1222.4440917444704,0.28,0.0,-0.8972712723032752
45,5_6C_36PER_4_3C_NEWSTRUCTURE,3,300,300,1.0,0.9999794142176535,0.9998119131042412,1.0001693035878338,5.977809420158926e-06,3.4915558806852923e-13,0.0006764233432169517,0.0007617594188026243,0.0004503776978682813,0.0008928808886713329,0.0015990795709081985,0.0014332164882903315,0.0017910188298585611,0.0030908340040147627,0.0024881265736783837,0.003571552280765585,0.0015235188376052486,0.0009007553957365626,0.0017857617773426658,1616.758848351054,1496.8455431637767,2038.1217073596679,0.26,0.0,-0.9071435167691767
46,4_8C_80PER_4_8C_NEWSTRUCTURE,3,300,300,1.0,0.9999164136630575,0.999773846617095,1.000074208180232,1.2438579621006982e-05,2.406928991117749e-12,0.0005382514649133633,0.0007039579613253549,0.00047285370995242874,0.0007989935329845902,0.0014719604743454635,0.0013446979400853045,0.0016023264950034055,0.002842197254581266,0.002433482896848627,0.0031959741335861195,0.0014079159226507098,0.0009457074199048575,0.0015979870659691804,1684.8920047197407,1581.8571084800403,2005.4336434127918,0.17333333333333334,0.0,-0.9220804048927052
47,5C_67PER_4C_NEWSTRUCTURE,3,300,300,1.0,0.9999585714297772,0.9998223509231532,1.0000826956515094,3.407519286771933e-05,1.06392138200992e-10,0.00041768417381674163,0.0007677849401678989,0.0006062981632411434,0.0008599947067445621,0.0016052439233661432,0.0014940157636971032,0.001724975859051893,0.0031159437843314213,0.002772663832752185,0.003441386830173471,0.0015355698803357978,0.0012125963264822868,0.0017199894134891241,1611.3993748320754,1524.8765254229368,1787.0461657305696,0.12666666666666668,0.0,-0.9014417323539884
48,5_3C_54PER_4C_NEWSTRUCTURE,3,300,300,1.0,0.9998322759577274,0.9996650141001467,0.9999958596710042,3.0267713603895993e-05,1.5640076534927124e-12,0.0004986622077039678,0.000697387986868959,0.0004922620833947287,0.0007786936368976323,0.0014666277729650768,0.0013534708871858084,0.0015784608393102934,0.002845699146283376,0.002445746563567059,0.003124550083178742,0.001394775973737918,0.0009845241667894573,0.0015573872737952646,1689.1958449120252,1601.8686421631178,1966.181085193707,0.16666666666666666,0.0,-0.9042219289146303
49,4_8C_80PER_4_8C_NEWSTRUCTURE,3,300,300,1.0,0.9997084651843687,0.9995741816550864,0.9998741490035693,1.6362998473286203e-06,4.0335698977815366e-17,0.00048289394005038847,0.0006369989873136753,0.0004226628614313937,0.0007124211535032879,0.001332276846512975,0.0012169995317424657,0.001447781826752565,0.002584550623480439,0.00215749370138913,0.002854194681105701,0.0012739979746273506,0.0008453257228627874,0.0014248423070065757,1769.6332280785414,1674.0866103567473,2115.9935622619814,0.2,0.0,-0.9125398566720162
