model_family,scope,response,predictor,n_strategies,beta,condition_number
joint_parameter_OLS,all_unadjusted,SOH_150,C1,8,0.41081658961451173,1.9781674914211675
joint_parameter_OLS,all_unadjusted,SOH_150,Q1,8,0.2940533840908019,1.9781674914211675
joint_parameter_OLS,all_unadjusted,SOH_150,C2,8,-0.6669783873538684,1.9781674914211675
joint_parameter_OLS,all_unadjusted,SOH_200,C1,8,0.42323361608819704,1.9781674914211675
joint_parameter_OLS,all_unadjusted,SOH_200,Q1,8,0.243099249912356,1.9781674914211675
joint_parameter_OLS,all_unadjusted,SOH_200,C2,8,-0.6693402043822615,1.9781674914211675
joint_parameter_OLS,all_unadjusted,SOH_slope_50_200_per100,C1,8,0.43313223252806937,1.9781674914211675
joint_parameter_OLS,all_unadjusted,SOH_slope_50_200_per100,Q1,8,0.19753539053662225,1.9781674914211675
joint_parameter_OLS,all_unadjusted,SOH_slope_50_200_per100,C2,8,-0.6646002862832392,1.9781674914211675
joint_parameter_OLS,all_unadjusted,SOH_curvature_per100sq,C1,8,-0.09961028879303863,1.9781674914211675
joint_parameter_OLS,all_unadjusted,SOH_curvature_per100sq,Q1,8,-0.6521059338445818,1.9781674914211675
joint_parameter_OLS,all_unadjusted,SOH_curvature_per100sq,C2,8,-0.11354757302892643,1.9781674914211675
joint_parameter_OLS,all_unadjusted,eol_point,C1,8,0.11822088888207641,1.9781674914211675
joint_parameter_OLS,all_unadjusted,eol_point,Q1,8,-0.1287997794086766,1.9781674914211675
joint_parameter_OLS,all_unadjusted,eol_point,C2,8,-0.5101987116408209,1.9781674914211675
joint_parameter_OLS,all_batch_adjusted,SOH_150,C1,8,1.245768808252953,10.098423496792202
joint_parameter_OLS,all_batch_adjusted,SOH_150,Q1,8,0.6587225495683072,10.098423496792202
joint_parameter_OLS,all_batch_adjusted,SOH_150,C2,8,0.14109399421664437,10.098423496792202
joint_parameter_OLS,all_batch_adjusted,SOH_200,C1,8,1.2569508469793207,10.098423496792202
joint_parameter_OLS,all_batch_adjusted,SOH_200,Q1,8,0.678881034061767,10.098423496792202
joint_parameter_OLS,all_batch_adjusted,SOH_200,C2,8,0.15969726757388814,10.098423496792202
joint_parameter_OLS,all_batch_adjusted,SOH_slope_50_200_per100,C1,8,1.271733326397142,10.098423496792202
joint_parameter_OLS,all_batch_adjusted,SOH_slope_50_200_per100,Q1,8,0.6827957750924107,10.098423496792202
joint_parameter_OLS,all_batch_adjusted,SOH_slope_50_200_per100,C2,8,0.18380671292165515,10.098423496792202
joint_parameter_OLS,all_batch_adjusted,SOH_curvature_per100sq,C1,8,-0.10747224683703904,10.098423496792202
joint_parameter_OLS,all_batch_adjusted,SOH_curvature_per100sq,Q1,8,-0.04286485192513656,10.098423496792202
joint_parameter_OLS,all_batch_adjusted,SOH_curvature_per100sq,C2,8,0.06832982632242343,10.098423496792202
joint_parameter_OLS,all_batch_adjusted,eol_point,C1,8,1.220867154329298,10.098423496792202
joint_parameter_OLS,all_batch_adjusted,eol_point,Q1,8,0.8428181712345875,10.098423496792202
joint_parameter_OLS,all_batch_adjusted,eol_point,C2,8,0.7085054775496638,10.098423496792202
joint_parameter_OLS,dataset3_only,SOH_150,C1,6,1.0102864181592963,4.751916091881558
joint_parameter_OLS,dataset3_only,SOH_150,Q1,6,0.5485044757063284,4.751916091881558
joint_parameter_OLS,dataset3_only,SOH_150,C2,6,0.12564285407370474,4.751916091881558
joint_parameter_OLS,dataset3_only,SOH_200,C1,6,1.0192203915294213,4.751916091881558
joint_parameter_OLS,dataset3_only,SOH_200,Q1,6,0.5652155067811324,4.751916091881558
joint_parameter_OLS,dataset3_only,SOH_200,C2,6,0.14219014522093276,4.751916091881558
joint_parameter_OLS,dataset3_only,SOH_slope_50_200_per100,C1,6,1.0379058306745372,4.751916091881558
joint_parameter_OLS,dataset3_only,SOH_slope_50_200_per100,Q1,6,0.5721676610934696,4.751916091881558
joint_parameter_OLS,dataset3_only,SOH_slope_50_200_per100,C2,6,0.16471967288867256,4.751916091881558
joint_parameter_OLS,dataset3_only,SOH_curvature_per100sq,C1,6,-0.5136718825627473,4.751916091881558
joint_parameter_OLS,dataset3_only,SOH_curvature_per100sq,Q1,6,-0.21035913513111398,4.751916091881558
joint_parameter_OLS,dataset3_only,SOH_curvature_per100sq,C2,6,0.35860966124888877,4.751916091881558
joint_parameter_OLS,dataset3_only,eol_point,C1,6,1.4912766137538023,4.751916091881558
joint_parameter_OLS,dataset3_only,eol_point,Q1,6,1.0570469348630274,4.751916091881558
joint_parameter_OLS,dataset3_only,eol_point,C2,6,0.9502879295887068,4.751916091881558
stress_index,all_unadjusted,SOH_150,soc_weighted_stress,8,-0.5891135054577812,1.0
stress_index,all_unadjusted,SOH_200,soc_weighted_stress,8,-0.5379609304665078,1.0
stress_index,all_unadjusted,SOH_slope_50_200_per100,soc_weighted_stress,8,-0.493752097384781,1.0
stress_index,all_unadjusted,SOH_curvature_per100sq,soc_weighted_stress,8,0.42541010832645415,1.0
stress_index,all_unadjusted,eol_point,soc_weighted_stress,8,-0.23347865609645108,1.0
stress_index,all_batch_adjusted,SOH_150,soc_weighted_stress,8,-2.4554896840891485,7.025637920914444
stress_index,all_batch_adjusted,SOH_200,soc_weighted_stress,8,-2.4608293487913824,7.025637920914444
stress_index,all_batch_adjusted,SOH_slope_50_200_per100,soc_weighted_stress,8,-2.4505690768103237,7.025637920914444
stress_index,all_batch_adjusted,SOH_curvature_per100sq,soc_weighted_stress,8,0.3893829805788095,7.025637920914444
stress_index,all_batch_adjusted,eol_point,soc_weighted_stress,8,-1.4852153097036203,7.025637920914444
stress_index,dataset3_only,SOH_150,soc_weighted_stress,6,-0.9473937208529178,1.0000000000000009
stress_index,dataset3_only,SOH_200,soc_weighted_stress,6,-0.9493287489241429,1.0000000000000009
stress_index,dataset3_only,SOH_slope_50_200_per100,soc_weighted_stress,6,-0.9515117913679896,1.0000000000000009
stress_index,dataset3_only,SOH_curvature_per100sq,soc_weighted_stress,6,0.8854249525657171,1.0000000000000009
stress_index,dataset3_only,eol_point,soc_weighted_stress,6,-0.8631068055449882,1.0000000000000009
