strategy,strategy_code,C1,Q1,C2,dataset_id,is_newstructure,n_training_batteries,mean_chargetime,SOH_150_mean,SOH_150_median,SOH_150_std,SOH_200_mean,SOH_200_median,SOH_200_std,SOH_slope_50_200_per100_mean,SOH_slope_50_200_per100_median,SOH_slope_50_200_per100_std,SOH_curvature_per100sq_mean,SOH_curvature_per100sq_median,SOH_curvature_per100sq_std,eol_point_mean,eol_point_median,eol_point_std,stress_p,soc_weighted_stress,phase1_exposure,phase2_exposure
3_6C-80PER_3_6C,S1,3.6,80,3.6,1,0,2,13.382242365,0.9997447317999999,0.9997447317999999,0.005152480922168945,0.9968152003499999,0.9968152003499999,0.0025982299970550736,-0.002784711572,-0.002784711572,0.0009910352589521053,-0.005969745409,-0.005969745409,0.0030100255189583415,1407.778595,1407.778595,315.63250549724205,3.0,46.656000000000006,3.6,0.0
80PER_3_6C,S2,,80,3.6,2,0,2,13.396888955,0.9869891809,0.9869891809,0.012978461307640696,0.9804903002,0.9804903002,0.018331677258487777,-0.010560580005500001,-0.010560580005500001,0.009959800474098444,-0.0046707407865,-0.0046707407865,0.0016046352441932805,930.69879605,930.69879605,368.18115152726375,3.0,,,0.0
4_8C_80PER_4_8C,S3,4.8,80,4.8,2,0,2,10.45034079,0.99212453605,0.99212453605,0.0035572956120984538,0.9854612775,0.9854612775,0.005827930957025816,-0.009320957118,-0.009320957118,0.0041389391529932035,-0.01052824407,-0.01052824407,0.001850566512463952,776.0733377,776.0733377,174.71297657857946,3.0,110.59199999999998,4.8,0.0
5C_67PER_4C_NEWSTRUCTURE,S4,5.0,67,4.0,3,1,6,10.04316775,0.9972955643666667,0.9973085539,0.0006117808430113783,0.9954672545833333,0.9952169235,0.0006751540385733393,-0.0028365803156666664,-0.003033401388,0.000503187669197666,-0.003148507933833333,-0.003103571213,0.0010599498037576806,1406.3834401666666,1362.4489055,142.4783172908071,3.0,115.0875,4.1875,0.65
5_3C_54PER_4C_NEWSTRUCTURE,S5,5.3,54,4.0,3,1,7,10.04273446,0.9970531916142857,0.9972952629,0.0010896572923064917,0.9954303541285714,0.9952886918,0.0012300485731904399,-0.002745219093857143,-0.00287386046,0.0007657991919533878,-0.0031028772074285713,-0.003085262043,0.0006864805649430302,1463.7058355714287,1426.127053,175.04502005969712,3.0,121.291975,3.5774999999999997,1.3
5_6C_19PER_4_6C_NEWSTRUCTURE,S6,5.6,19,4.6,3,1,7,10.042953047142857,0.9962108168142857,0.9962870081,0.000563636481015284,0.9939058309000001,0.9937721728,0.0007629338268707117,-0.003575846788142857,-0.003582923081,0.000558520833562716,-0.002839985441714286,-0.003180384022,0.0011323820627872228,1354.6259478571428,1333.204184,232.5934139179024,3.0,115.92749999999998,1.3299999999999998,3.5074999999999994
5_6C_36PER_4_3C_NEWSTRUCTURE,S7,5.6,36,4.3,3,1,7,10.042963760000001,0.9967162155,0.9965804691,0.0010905800337234464,0.9946923355,0.9942263059,0.0014533103419246342,-0.003111518180142857,-0.003551131165,0.0008402324169102985,-0.002573910663,-0.002543057876,0.0010088160858413183,1460.0625814285715,1473.731023,253.9530649288116,3.0,122.75604999999999,2.52,2.3649999999999998
3_7C_31PER_5_9C_NEWSTRUCTURE,S8,3.7,31,5.9,3,1,2,10.13354416,0.9748894899,0.9748894899,0.0054384671485500245,0.9659456597,0.9659456597,0.007873751529659273,-0.018560110825,-0.018560110825,0.005055018959091271,-0.00172880313866,-0.00172880313866,0.002398132937566376,1017.32352765,1017.32352765,454.63985200445705,3.0,145.42267500000003,1.43375,3.6137500000000005
4_8C_80PER_4_8C_NEWSTRUCTURE,S9,4.8,80,4.8,3,1,5,11.039081292,0.98879542354,0.9982209931,0.02079547608713702,0.98736304874,0.9967894897,0.021029180362350866,-0.0022408119976,-0.001999693054,0.0008095884007131086,-0.0026929060284000004,-0.002813359474,0.0007418859950436948,1551.0835274,1649.167402,305.16768301101587,3.0,110.59199999999998,4.8,0.0
