scope,p,response,n,k_including_intercept,fit_r_squared,AICc,loo_rmse,loo_mae,normalized_loo_rmse,selected_shared_p
all_parameterized,1.0,SOH_200,8.0,2.0,0.14298817686805054,-68.74550087586323,0.04621253157845003,0.024061134011540905,4.687679814980963,False
all_parameterized,1.0,SOH_slope_50_200_per100,8.0,2.0,0.11420965753339207,-78.40524579080025,0.024158680195222663,0.012905168870577976,4.556609570561897,False
all_parameterized,1.0,eol_point,8.0,2.0,0.03564573805152049,95.05043708976771,454.5907637051419,350.7288501558388,1.7517179560668983,False
dataset3_only,1.0,SOH_200,6.0,2.0,0.9027446551036984,-60.219920394260754,0.011062977799990038,0.007583769836895756,1.0157574788639268,False
dataset3_only,1.0,SOH_slope_50_200_per100,6.0,2.0,0.9072687495052936,-68.02640792135242,0.005772285433708688,0.00396810496526894,0.9918552805591607,False
dataset3_only,1.0,eol_point,6.0,2.0,0.7571708558155934,62.492436342987446,133.2549828004199,127.69640628178017,0.7001431240988385,False
all_parameterized,1.05,SOH_200,8.0,2.0,0.14592265744119204,-68.77294055355065,0.04484382786962476,0.023565282441665267,4.548842046752274,False
all_parameterized,1.05,SOH_slope_50_200_per100,8.0,2.0,0.11675446103179166,-78.42826221714164,0.023452206847952333,0.012648829559181111,4.423360436523711,False
all_parameterized,1.05,eol_point,8.0,2.0,0.03607112910265886,95.04690739186563,445.9338568628342,346.64831738983116,1.7183594710944565,False
dataset3_only,1.05,SOH_200,6.0,2.0,0.902574510528258,-60.20943279063118,0.011066036823000029,0.007589672374732644,1.0160383458742916,False
dataset3_only,1.05,SOH_slope_50_200_per100,6.0,2.0,0.9070857039480072,-68.01457597902946,0.005774448345805034,0.003971462417690805,0.9922269350465874,False
dataset3_only,1.05,eol_point,6.0,2.0,0.7566206669124813,62.50601543501078,133.5977010160406,128.06380950311348,0.7019438207566862,False
all_parameterized,1.1,SOH_200,8.0,2.0,0.14889899402656748,-68.80086809190416,0.043545973239289396,0.02309430374762471,4.4171910260096725,False
all_parameterized,1.1,SOH_slope_50_200_per100,8.0,2.0,0.1193383268379562,-78.45169989129182,0.022782428655152096,0.01240537300622132,4.297032437692438,False
all_parameterized,1.1,eol_point,8.0,2.0,0.03649993274037033,95.0433478010653,437.83048944051666,342.77133356369524,1.6871339923746815,False
dataset3_only,1.1,SOH_200,6.0,2.0,0.9024147264094527,-60.19960046227844,0.011068803881083878,0.0075951996780339774,1.0162924058565075,False
dataset3_only,1.1,SOH_slope_50_200_per100,6.0,2.0,0.9069134190215058,-68.00346087171235,0.0057764359189464345,0.003974611881804449,0.992568460935845,False
dataset3_only,1.1,eol_point,6.0,2.0,0.7560937280692197,62.51899194923319,133.92655112390167,128.41397157475035,0.703671652144597,False
all_parameterized,1.15,SOH_200,8.0,2.0,0.15191709736825632,-68.82928744310315,0.042313929565622875,0.022646415813389068,4.292215698691427,False
all_parameterized,1.15,SOH_slope_50_200_per100,8.0,2.0,0.12196123468223852,-78.47556214532038,0.02214673904537092,0.012173877350535248,4.177133944213955,False
all_parameterized,1.15,eol_point,8.0,2.0,0.036932092240042236,95.03975874934203,430.23874276279304,339.08348036697174,1.6578799906767818,False
dataset3_only,1.15,SOH_200,6.0,2.0,0.9022648302821012,-60.19039121694354,0.011071296290630077,0.00760037461275385,1.016521248730706,False
dataset3_only,1.15,SOH_slope_50_200_per100,6.0,2.0,0.9067513896767428,-67.99302616738392,0.005778258639147675,0.003977566039920193,0.9928816600451658,False
dataset3_only,1.15,eol_point,6.0,2.0,0.755588489475481,62.53140776841107,134.2423701773741,128.74804720992532,0.7053310162756878,False
all_parameterized,1.2,SOH_200,8.0,2.0,0.15497685047565168,-68.85820240856056,0.04114312528648316,0.02222000153745568,4.173452337344308,False
all_parameterized,1.2,SOH_slope_50_200_per100,8.0,2.0,0.12462313958945559,-78.49985217137585,0.021542772670659967,0.011953506050815943,4.063218823807264,False
all_parameterized,1.2,eol_point,8.0,2.0,0.037367547939963,95.03614069356198,423.1205437534061,335.5716723136465,1.6304507553839847,False
dataset3_only,1.2,SOH_200,6.0,2.0,0.9021243826894922,-60.18177527389396,0.01107352994406628,0.007605217928256136,1.0167263336747447,False
dataset3_only,1.2,SOH_slope_50_200_per100,6.0,2.0,0.9065991468950159,-67.98323822718672,0.005779926128180685,0.003980336404544263,0.9931681856894118,False
dataset3_only,1.2,eol_point,6.0,2.0,0.755103537819479,62.543300936113354,134.54592968626588,129.06708723514691,0.706925966786647,False
all_parameterized,1.25,SOH_200,8.0,2.0,0.15807810808769296,-68.88761663159318,0.04002940259082845,0.021813590164921653,4.060479184357785,False
all_parameterized,1.25,SOH_slope_50_200_per100,8.0,2.0,0.12732397133793594,-78.52457301513974,0.020968378116657534,0.011743498238516543,3.9548812945674143,False
all_parameterized,1.25,eol_point,8.0,2.0,0.037806237238418805,95.03249411557859,416.4412403390111,332.2240066830476,1.6047127583563905,False
dataset3_only,1.25,SOH_200,6.0,2.0,0.9019929745845051,-60.17372505834419,0.011075519448599745,0.0076097484966507105,1.0169090018627893,False
dataset3_only,1.25,SOH_slope_50_200_per100,6.0,2.0,0.9064562547507412,-67.97406595860916,0.0057814472280260905,0.003982933450138162,0.9934295571914363,False
dataset3_only,1.25,eol_point,6.0,2.0,0.7546375816621564,62.55470608509418,134.83794163771302,129.3720499258884,0.7084602445724661,False
all_parameterized,1.3,SOH_200,8.0,2.0,0.16122069616844326,-68.91753359007282,0.038968971613326985,0.021425841095428846,3.952911805583578,False
all_parameterized,1.3,SOH_slope_50_200_per100,8.0,2.0,0.1300636339446889,-78.549727569277,0.02042159422975172,0.01154316034950291,3.851751459991569,False
all_parameterized,1.3,eol_point,8.0,2.0,0.038248094595495497,95.02881952229122,410.1692324678428,329.02963326584734,1.5805442321000043,False
dataset3_only,1.3,SOH_200,6.0,2.0,0.9018702249228334,-60.16621501367807,0.011077278249783997,0.007613983520541619,1.0170704878106993,False
dataset3_only,1.3,SOH_slope_50_200_per100,6.0,2.0,0.9063223077107858,-67.96548059159751,0.005782830076049435,0.003985366727562231,0.993667172799659,False
dataset3_only,1.3,eol_point,6.0,2.0,0.7541894386417181,62.56565480979977,135.1190639047121,129.66381090423883,0.7099373062037395,False
all_parameterized,1.35,SOH_200,8.0,2.0,0.16440441143590656,-68.94795658906824,0.03795837057337326,0.021055529792648575,3.850399046940444,False
all_parameterized,1.35,SOH_slope_50_200_per100,8.0,2.0,0.1328420051787489,-78.5753185668955,0.019900629514773196,0.011351858841223892,3.753491423142966,False
all_parameterized,1.35,eol_point,8.0,2.0,0.03869305153974545,95.0251174456643,404.27565034536894,325.9786409346717,1.5578339298814827,False
dataset3_only,1.35,SOH_200,6.0,2.0,0.9017557784423997,-60.1592214302901,0.01107881874168106,0.007617938713925632,1.0172119294906756,False
dataset3_only,1.35,SOH_slope_50_200_per100,6.0,2.0,0.9061969281577361,-67.957455475699,0.005784082171991313,0.003987644963788651,0.9938823211990202,False
dataset3_only,1.35,eol_point,6.0,2.0,0.753758024248335,62.576175991293,135.38990510699008,129.94317180464762,0.7113603494664564,False
all_parameterized,1.4,SOH_200,8.0,2.0,0.1676290209265705,-68.97888875349456,0.03699443097861941,0.020701535484220532,3.7526195047502973,False
all_parameterized,1.4,SOH_slope_50_200_per100,8.0,2.0,0.13565893610470625,-78.60134857502737,0.019403844148965347,0.01116901383479825,3.659791894275376,False
all_parameterized,1.4,eol_point,8.0,2.0,0.039141036679840036,95.02138844270605,398.7340729085668,323.06195856002546,1.5364800408982084,False
dataset3_only,1.4,SOH_200,6.0,2.0,0.9016493036200076,-60.152722289788215,0.011080152365187947,0.007621628460190322,1.017334377359197,False
dataset3_only,1.4,SOH_slope_50_200_per100,6.0,2.0,0.9060797641226861,-67.94996589638016,0.005785210437734671,0.003989776149041114,0.9940761917808332,False
dataset3_only,1.4,eol_point,6.0,2.0,0.7533423419499283,62.58629608151294,135.65102898263254,130.21086788127874,0.7127323363312397,False
all_parameterized,1.45,SOH_200,8.0,2.0,0.17089426159748622,-69.01033302078108,0.03607424715876638,0.020362830392547937,3.659278435324691,False
all_parameterized,1.45,SOH_slope_50_200_per100,8.0,2.0,0.13851425065842116,-78.6278199881453,0.018929734233124478,0.010994093547984418,3.5703692204139954,False
all_parameterized,1.45,eol_point,8.0,2.0,0.039591975721352535,95.01763309540489,393.5202807169593,320.2712682007528,1.5163892380697457,False
dataset3_only,1.45,SOH_200,6.0,2.0,0.9015504907947856,-60.146697123306396,0.011081289695907227,0.007625065950511156,1.0174388024249377,False
dataset3_only,1.45,SOH_slope_50_200_per100,6.0,2.0,0.9059704872123785,-67.94298890875041,0.005786221270695767,0.003991767613164642,0.9942498838169843,False
dataset3_only,1.45,eol_point,6.0,2.0,0.752941474484007,62.59603935266398,135.9029583228522,130.4675747033699,0.7140560136272529,False
all_parameterized,1.5,SOH_200,8.0,2.0,0.17419983996816868,-69.04229213357404,0.03519514951443654,0.020038470278951337,3.5701050413995676,False
all_parameterized,1.5,SOH_slope_50_200_per100,8.0,2.0,0.14140774525689648,-78.65473502172776,0.01847691796225301,0.010826609406724768,3.4849627769789313,False
all_parameterized,1.5,eol_point,8.0,2.0,0.04004579148877352,95.01385201062311,388.61203838457806,317.59892883258567,1.497475839662169,False
dataset3_only,1.5,SOH_200,6.0,2.0,0.90145905044708,-60.14112688270593,0.011082240522776952,0.00762826330541766,1.0175261034682452,False
dataset3_only,1.5,SOH_slope_50_200_per100,6.0,2.0,0.9058687907155655,-67.9365031870379,0.005787120591583391,0.0039936260927416894,0.9944044146664288,False
dataset3_only,1.5,eol_point,6.0,2.0,0.7525545761587975,62.605428116607925,136.14617851675172,130.71391406254608,0.7153339316669542,False
all_parameterized,1.55,SOH_200,8.0,2.0,0.17754543180425209,-69.07476863248807,0.03435468096377028,0.019727586118266027,3.484850082938868,False
all_parameterized,1.55,SOH_slope_50_200_per100,8.0,2.0,0.14433918844423788,-78.68209570588711,0.01804412344855387,0.010666111740804878,3.403332671059563,False
all_parameterized,1.55,eol_point,8.0,2.0,0.040502403952872745,95.01004581994614,383.9889024543512,315.0379091532586,1.479661068952113,False
dataset3_only,1.55,SOH_200,6.0,2.0,0.9013747116214346,-60.13599382351644,0.011083013918527092,0.007631231681860991,1.0175971135101642,False
dataset3_only,1.55,SOH_slope_50_200_per100,6.0,2.0,0.9057743878738641,-67.93048888828946,0.005787913887179333,0.0039953577902314555,0.9945407271261842,False
dataset3_only,1.55,eol_point,6.0,2.0,0.7521808660303535,62.61448291837341,136.38114074788047,130.95045919734073,0.7165684610413199,False
all_parameterized,1.6,SOH_200,8.0,2.0,0.1809306818448395,-69.10776484892146,0.03355057615005316,0.01942937674948844,3.4032837680099433,False
all_parameterized,1.6,SOH_slope_50_200_per100,8.0,2.0,0.14730832057558618,-78.70990387907501,0.017630177971230534,0.010512185983888676,3.325257713801123,False
all_parameterized,1.6,eol_point,8.0,2.0,0.04096173026348915,95.00621517948674,379.6320512574406,312.58172822957204,1.4628723986075254,False
dataset3_only,1.6,SOH_200,6.0,2.0,0.9012972204823314,-60.13128139853326,0.011083618302900031,0.007633981367754135,1.0176526056170834,False
dataset3_only,1.6,SOH_slope_50_200_per100,6.0,2.0,0.9056870103030593,-67.92492752889362,0.005788606248713443,0.00399696842621309,0.9946596960253403,False
dataset3_only,1.6,eol_point,6.0,2.0,0.7518196218420719,62.62322270726406,136.60826487976777,131.17773942452627,0.717761807780901,False
all_parameterized,1.65,SOH_200,8.0,2.0,0.18435520357553825,-69.14128289795207,0.032780743040488156,0.019143102371694795,3.3251938862105495,False
all_parameterized,1.65,SOH_slope_50_200_per100,8.0,2.0,0.1503148535408373,-78.73816118188012,0.0172339984620433,0.010364449310382873,3.250533625869364,False
all_parameterized,1.65,eol_point,8.0,2.0,0.0414236847878342,95.00236076964312,375.52413383085997,310.22440293990064,1.447042968507514,False
dataset3_only,1.65,SOH_200,6.0,2.0,0.9012263389919044,-60.12697416107551,0.011084061499457629,0.007636521865657349,1.0176932981165285,False
dataset3_only,1.65,SOH_slope_50_200_per100,6.0,2.0,0.9056064065517302,-67.91980187265709,0.005789202406336167,0.003998463285650126,0.9947621341484953,False
dataset3_only,1.65,eol_point,6.0,2.0,0.7514701746294056,62.63166498852591,136.82794206355052,131.39624425382183,0.7189160270567179,False
all_parameterized,1.7000000000000002,SOH_200,8.0,2.0,0.1878185790488407,-69.17532467132813,0.03204324660175194,0.018868078774087624,3.2503841527594552,False
all_parameterized,1.7000000000000002,SOH_slope_50_200_per100,8.0,2.0,0.15335847052992702,-78.76686905093281,0.016854583064238655,0.010222547651719021,3.178971445365933,False
all_parameterized,1.7000000000000002,eol_point,8.0,2.0,0.04188817915436127,94.9984832948103,371.6491354076704,307.9604013220959,1.432111067422883,False
dataset3_only,1.7000000000000002,SOH_200,6.0,2.0,0.9011618436993939,-60.12305767698997,0.011084350786699214,0.00763886196703097,1.0177198592906076,False
dataset3_only,1.7000000000000002,SOH_slope_50_200_per100,6.0,2.0,0.905532340784913,-67.91509582927954,0.005789706760129909,0.003999847258956343,0.9948487975644573,False
dataset3_only,1.7000000000000002,eol_point,6.0,2.0,0.7511319039064459,62.639825958096075,137.04053709707978,131.60642705150784,0.7200330355753862,False
all_parameterized,1.75,SOH_200,8.0,2.0,0.19132035875369147,-69.209891830572,0.03133629428431054,0.01860367220540647,3.1786727360629197,False
all_parameterized,1.75,SOH_slope_50_200_per100,8.0,2.0,0.15643882584134017,-78.79602871293258,0.016491003626391876,0.01008615304309977,3.110396112079317,False
all_parameterized,1.75,eol_point,8.0,2.0,0.04235512230225191,94.99458348304408,367.9922573618065,305.78460106741744,1.4180196703960801,False
dataset3_only,1.75,SOH_200,6.0,2.0,0.9011035246327482,-60.11951844456448,0.011084492944123468,0.0076410098182688735,1.017732911605226,False
dataset3_only,1.75,SOH_slope_50_200_per100,6.0,2.0,0.905464591581544,-67.91079436219,0.005790123408046609,0.004001124878529962,0.9949203904267748,False
dataset3_only,1.75,eol_point,6.0,2.0,0.7508042333627561,62.6477206225875,137.2463905616182,131.80870830921756,0.7211146228056691,False
all_parameterized,1.8,SOH_200,8.0,2.0,0.1948600615357482,-69.24498580021199,0.030658223086260438,0.01834929480165516,3.109890945504151,False
all_parameterized,1.8,SOH_slope_50_200_per100,8.0,2.0,0.15955554473545708,-78.82564117881334,0.016142399012732234,0.009954961258837235,3.0446452057339584,False
all_parameterized,1.8,eol_point,8.0,2.0,0.042824420536547,94.99066208567704,364.53980979717517,303.69225251059925,1.4047160248445245,False
dataset3_only,1.8,SOH_200,6.0,2.0,0.9010511842834695,-60.11634382159238,0.011084494293794756,0.0076429729795521135,1.0177330355265364,False
dataset3_only,1.8,SOH_slope_50_200_per100,6.0,2.0,0.9054029508353203,-67.9068834048095,0.005790456171112437,0.00400230035132721,0.9949775693046746,False
dataset3_only,1.8,eol_point,6.0,2.0,0.7504866270086415,62.65536290635932,137.44582075934673,132.00347856637882,0.722162461158449,False
all_parameterized,1.85,SOH_200,8.0,2.0,0.19843717456990329,-69.28060776116014,0.030007488000053772,0.018104400502619897,3.043882059508964,False
all_parameterized,1.85,SOH_slope_50_200_per100,8.0,2.0,0.16270822333422807,-78.85570723806248,0.015807969128352445,0.009828689700362596,2.9815678190748893,False
all_parameterized,1.85,eol_point,8.0,2.0,0.043295977588934664,94.98671987688633,361.27911522888854,301.6789455582285,1.3921512794063127,False
dataset3_only,1.85,SOH_200,6.0,2.0,0.9010046366765064,-60.11352195890079,0.011084360737904394,0.00764475847741521,1.0177207729696611,False
dataset3_only,1.85,SOH_slope_50_200_per100,6.0,2.0,0.9053472227494934,-67.9033497843993,0.0057907086161989784,0.004003377587965825,0.9950209470958481,False
dataset3_only,1.85,eol_point,6.0,2.0,0.7501785857154315,62.66276574726214,137.63912547229387,132.191101028119,0.723178115228425,False
all_parameterized,1.9,SOH_200,8.0,2.0,0.20205115338637403,-69.31675864425227,0.0293826516729413,0.01786848139736806,2.980500276727822,False
all_parameterized,1.9,SOH_slope_50_200_per100,8.0,2.0,0.16589642856857245,-78.88622745320941,0.015486969571891863,0.009707075506002463,2.9210235493012595,False
all_parameterized,1.9,eol_point,8.0,2.0,0.043769694684188676,94.98275765321291,358.19842202184543,299.7405800752658,1.380280150384846,False
dataset3_only,1.9,SOH_200,6.0,2.0,0.9009637065176875,-60.11104173972399,0.01108409779275991,0.007646372851791687,1.0176966304194481,False
dataset3_only,1.9,SOH_slope_50_200_per100,6.0,2.0,0.90529722291703,-67.90018115274432,0.005790884076624624,0.004004360228780583,0.9950510965664009,False
dataset3_only,1.9,eol_point,6.0,2.0,0.7498796441045341,62.669941182427365,137.8265835609895,132.37191391480155,0.7241630501936978,False
all_parameterized,1.9500000000000002,SOH_200,8.0,2.0,0.20570142195164198,-69.35343912396793,0.028782375135197023,0.017641064447128985,2.919609775530898,False
all_parameterized,1.9500000000000002,SOH_slope_50_200_per100,8.0,2.0,0.16911969817478678,-78.91720215449935,0.0151787068402808,0.009589873855859358,2.862881593625043,False
all_parameterized,1.9500000000000002,eol_point,8.0,2.0,0.04424547061223316,94.97877623303235,355.2868264354304,297.8733393152321,1.3690606213562349,False
dataset3_only,1.9500000000000002,SOH_200,6.0,2.0,0.9009282284117481,-60.10889272435871,0.01108371061958434,0.007647822198202869,1.0176610817583363,False
dataset3_only,1.9500000000000002,SOH_slope_50_200_per100,6.0,2.0,0.9052527774782549,-67.897365922994,0.0057909856708188686,0.004005251667196156,0.9950685535579501,False
dataset3_only,1.9500000000000002,eol_point,6.0,2.0,0.7495893677450098,62.67690042528598,138.00845641916305,132.54623257459528,0.7251186394589872,False
all_parameterized,2.0,SOH_200,8.0,2.0,0.20938737280526953,-69.39064961234659,0.02820540946989207,0.017421708540926645,2.8610838690114573,False
all_parameterized,2.0,SOH_slope_50_200_per100,8.0,2.0,0.17237754074111256,-78.94863143476825,0.014882534020312211,0.009476856448732852,2.807019936651081,False
all_parameterized,2.0,eol_point,8.0,2.0,0.044723201805792145,94.97477645597696,352.5342022785841,296.07366603537616,1.358453672102469,False
dataset3_only,2.0,SOH_200,6.0,2.0,0.9008980461446937,-60.107065099598444,0.011083204052462972,0.007649112205662741,1.017614570832311,False
dataset3_only,2.0,SOH_slope_50_200_per100,6.0,2.0,0.9052137223489245,-67.89489321205808,0.005791016319254623,0.004006055070732932,0.9950738198971139,False
dataset3_only,2.0,eol_point,6.0,2.0,0.7493073506246701,62.68365393484267,138.18498929896666,132.71435138634308,0.7260461716185688,False
all_parameterized,2.05,SOH_200,8.0,2.0,0.2131083672536216,-69.42839025311855,0.027650588314751017,0.01721000184526017,2.804804244393533,False
all_parameterized,2.05,SOH_slope_50_200_per100,8.0,2.0,0.17566943580549854,-78.98051514453479,0.014597846910465007,0.00936781013107902,2.75332461890761,False
all_parameterized,2.05,eol_point,8.0,2.0,0.04520278242356146,94.97075918230998,349.93113731154415,294.33824098560035,1.3484230335421787,False
dataset3_only,2.05,SOH_200,6.0,2.0,0.9008730120248063,-60.105549632495254,0.01108258262373483,0.007650248190797053,1.0175575137822468,False
dataset3_only,2.05,SOH_slope_50_200_per100,6.0,2.0,0.9051799025122815,-67.89275278801526,0.005790978759829855,0.004006773399920103,0.995067366038548,False
dataset3_only,2.05,eol_point,6.0,2.0,0.7490332128641312,62.690211478097105,138.35641251964842,132.87654547650786,0.7269468568068365,False
all_parameterized,2.1,SOH_200,8.0,2.0,0.21686373562120997,-69.46666091606696,0.02711682110091814,0.01700555941418365,2.7506602771898447,False
all_parameterized,2.1,SOH_slope_50_200_per100,8.0,2.0,0.1789948340054398,-79.01285288732494,0.014324080523789856,0.009262535660617702,2.7016890772496343,False
all_parameterized,2.1,eol_point,8.0,2.0,0.04568410443881943,94.96672529225165,347.468875643029,292.6639635004436,1.3389349657642093,False
dataset3_only,2.1,SOH_200,6.0,2.0,0.9008529862770053,-60.1043376280349,0.011081850587092977,0.007651235128608676,1.0174903011648841,False
dataset3_only,2.1,SOH_slope_50_200_per100,6.0,2.0,0.9051511713692789,-67.89093502204946,0.005790875561858867,0.004007409425354369,0.9950496334690756,False
dataset3_only,2.1,eol_point,6.0,2.0,0.7487665986471193,62.69658218638844,138.52294257116705,133.03307227093492,0.7278218324968729,False
all_parameterized,2.1500000000000004,SOH_200,8.0,2.0,0.22065277756026636,-69.50546119163785,0.026603086945699867,0.01680802103046322,2.6985484116973684,False
all_parameterized,2.1500000000000004,SOH_slope_50_200_per100,8.0,2.0,0.18235315728063184,-79.0456440152446,0.014060705928988787,0.009160846589431906,2.652013549049599,False
all_parameterized,2.1500000000000004,eol_point,8.0,2.0,0.046167057733377814,94.96267568525835,345.13926546771813,291.0479339581123,1.3299580566394673,False
dataset3_only,2.1500000000000004,SOH_200,6.0,2.0,0.9008378364859146,-60.10342089036308,0.011081011938627828,0.0076520776802673955,1.0174132998849381,False
dataset3_only,2.1500000000000004,SOH_slope_50_200_per100,6.0,2.0,0.9051273901417104,-67.88943084447949,0.005790709138815581,0.004007965743112722,0.9950210368973735,False
dataset3_only,2.1500000000000004,eol_point,6.0,2.0,0.7485071743435567,62.70277460634155,138.68478312304057,133.1841728996171,0.728672168801102,False
all_parameterized,2.2,SOH_200,8.0,2.0,0.22447476241900655,-69.5447903858158,0.026108429126834833,0.01661704925219709,2.6483716004815676,False
all_parameterized,2.2,SOH_slope_50_200_per100,8.0,2.0,0.18574379912902983,-79.07888762481598,0.013807227392239803,0.009062568253320146,2.6042045331120955,False
all_parameterized,2.2,eol_point,8.0,2.0,0.04665153019675339,94.95861127925498,342.93471157116403,289.487437900316,1.3214630388035662,False
dataset3_only,2.2,SOH_200,6.0,2.0,0.9008274370833049,-60.102791687229185,0.011080070436020164,0.007652780218253034,1.017326854957325,False
dataset3_only,2.2,SOH_slope_50_200_per100,6.0,2.0,0.9051084273234843,-67.888231704492,0.00579048175995462,0.004008444788700745,0.9949819662508296,False
dataset3_only,2.2,eol_point,6.0,2.0,0.7482546268048875,62.70879674600694,138.8421259475674,133.33007347035968,0.729498873322041,False
all_parameterized,2.25,SOH_200,8.0,2.0,0.22832892966882468,-69.58464751528142,0.025631950074871724,0.016432327642477096,2.600038796416137,False
all_parameterized,2.25,SOH_slope_50_200_per100,8.0,2.0,0.18916612491673468,-79.1125825530923,0.013563179786979945,0.008967536855811054,2.5581743011286577,False
all_parameterized,2.25,eol_point,8.0,2.0,0.04713740783041165,94.95453300982197,340.84813209993024,287.97993163227784,1.313422623075077,False
dataset3_only,2.25,SOH_200,6.0,2.0,0.9008216688760085,-60.10244271734976,0.011079029616068376,0.007653346849140985,1.0172312911164412,False
dataset3_only,2.25,SOH_slope_50_200_per100,6.0,2.0,0.9050941581757503,-67.88732953322913,0.005790195560922386,0.004008848849696065,0.9949327884988504,False
dataset3_only,2.25,eol_point,6.0,2.0,0.7480086618135069,62.71465611671479,138.99515176563833,133.47098622536234,0.7303028955963331,False
all_parameterized,2.3,SOH_200,8.0,2.0,0.23221448939053502,-69.62503130286787,0.025172806828006045,0.016253559162417497,2.55346449163339,False
all_parameterized,2.3,SOH_slope_50_200_per100,8.0,2.0,0.19261947224196463,-79.1467273740658,0.013328126242878066,0.008875598636670428,2.513840454246538,False
all_parameterized,2.3,eol_point,8.0,2.0,0.04762457485693694,94.95044182933772,338.8729191555804,286.5230291443735,1.3058113466085852,False
dataset3_only,2.3,SOH_200,6.0,2.0,0.9008204186108181,-60.10236708042609,0.011077892810713991,0.007653781434283173,1.0171269142875616,False
dataset3_only,2.3,SOH_slope_50_200_per100,6.0,2.0,0.9050844642619761,-67.88671670991657,0.0057898525534574976,0.0040091800772265014,0.9948738493196936,False
dataset3_only,2.3,eol_point,6.0,2.0,0.7477690026703376,62.72035977109904,139.14403102245285,133.60711059301696,0.7310851311704861,False
all_parameterized,2.35,SOH_200,8.0,2.0,0.23613062281942676,-69.66594017333142,0.024730206900452793,0.016080464710255815,2.5085682984226523,False
all_parameterized,2.35,SOH_slope_50_200_per100,8.0,2.0,0.19610315135319667,-79.18132039538338,0.013101656008702252,0.008786609115959167,2.4711255199805104,False
all_parameterized,2.35,eol_point,8.0,2.0,0.04811291383393035,94.9463387060778,337.00290282367484,285.11449021596343,1.298605434284194,False
dataset3_only,2.35,SOH_200,6.0,2.0,0.900823578573102,-60.10255824957083,0.011076663161711771,0.007654087608607234,1.0170140129337883,False
dataset3_only,2.35,SOH_slope_50_200_per100,6.0,2.0,0.9050792330194626,-67.88638603075101,0.005789454634269569,0.0040094404964062455,0.9948054746261141,False
dataset3_only,2.35,eol_point,6.0,2.0,0.7475353889064187,62.725914337694135,139.28892459972508,133.7386341458076,0.7318464253429162,False
all_parameterized,2.4000000000000004,SOH_200,8.0,2.0,0.24007648294891948,-69.70737224945282,0.02430340452124896,0.015912781791286842,2.4652745677041077,False
all_parameterized,2.4000000000000004,SOH_slope_50_200_per100,8.0,2.0,0.1996164456213917,-79.2163596553834,0.012883382506794105,0.008700432405764031,2.4299565852639775,False
all_parameterized,2.4000000000000004,eol_point,8.0,2.0,0.048602305772452836,94.94222462327232,335.23231829436554,283.75220957851946,1.2917826720101742,False
dataset3_only,2.4000000000000004,SOH_200,6.0,2.0,0.9008310462162827,-60.10301004592915,0.011075343634073554,0.007654268797729809,1.0168928592904096,False
dataset3_only,2.4000000000000004,SOH_slope_50_200_per100,6.0,2.0,0.9050783573641085,-67.88633068029337,0.005789003593175147,0.004009632015838117,0.9947279719633666,False
dataset3_only,2.4000000000000004,eol_point,6.0,2.0,0.7473075751060403,62.731326052458286,139.42998447024453,133.86573347389108,0.7325875766031162,False
all_parameterized,2.45,SOH_200,8.0,2.0,0.2440511951922456,-69.74932534848413,0.02389169720543382,0.01575026330517887,2.423512041218183,False
all_parameterized,2.45,SOH_slope_50_200_per100,8.0,2.0,0.2031586120660287,-79.25184292046738,0.012672941559473773,0.008616940582646776,2.390264961928214,False
all_parameterized,2.45,eol_point,8.0,2.0,0.049092630259786496,94.93810057812327,333.5557757706269,282.4342070295298,1.28532229076748,False
dataset3_only,2.45,SOH_200,6.0,2.0,0.9008427238195442,-60.10371661529885,0.01107393702840414,0.007654328233558346,1.0167637104975302,False
dataset3_only,2.45,SOH_slope_50_200_per100,6.0,2.0,0.9050817353255534,-67.88654420514132,0.005788501120561703,0.0040097564362780065,0.9946416317917475,False
dataset3_only,2.45,eol_point,6.0,2.0,0.7470853298303216,62.73660078753703,139.5673543000999,133.98857498288206,0.7333093397958361,False
all_parameterized,2.5,SOH_200,8.0,2.0,0.24805385810145586,-69.79179697895627,0.023494422623951478,0.015592676438775183,2.383213534016552,False
all_parameterized,2.5,SOH_slope_50_200_per100,8.0,2.0,0.20672888193450178,-79.28776768281897,0.012469989769971239,0.008536013114660474,2.351985881327082,False
all_parameterized,2.5,eol_point,8.0,2.0,0.04958376558628008,94.93396758078315,331.9682328944495,281.1586184011711,1.2792048603569717,False
dataset3_only,2.5,SOH_200,6.0,2.0,0.9008585181713195,-60.10467240656858,0.011072445992231042,0.007654268968532533,1.0166268096403233,False
dataset3_only,2.5,SOH_slope_50_200_per100,6.0,2.0,0.905089269710072,-67.88702048967461,0.005787948814242618,0.004009815458545867,0.9945467286644919,False
dataset3_only,2.5,eol_point,6.0,2.0,0.7468684346314216,62.74174407754374,139.7011700032944,134.10731562336048,0.7340124290351211,False
all_parameterized,2.55,SOH_200,8.0,2.0,0.2520835441428254,-69.83478433786095,0.023110955742452068,0.015439801653839735,2.344315644229516,False
all_parameterized,2.55,SOH_slope_50_200_per100,8.0,2.0,0.2103264613342345,-79.32413115848244,0.012274203042460715,0.008457536337482603,2.315058215198207,False
all_parameterized,2.55,eol_point,8.0,2.0,0.050075588876026256,94.92982665329727,330.4649694512358,279.9236872986528,1.2734121919254493,False
dataset3_only,2.55,SOH_200,6.0,2.0,0.9008783402764571,-60.10587215181917,0.011070873030423426,0.0076540938886434096,1.016482386705654,False
dataset3_only,2.55,SOH_slope_50_200_per100,6.0,2.0,0.9051008677888669,-67.88775373368985,0.00578734818575994,0.004009810690758623,0.9944435223107798,False
dataset3_only,2.55,eol_point,6.0,2.0,0.7466566831485876,62.7467611436042,139.83156025304208,134.22210355881683,0.734697520390745,False
all_parameterized,2.6,SOH_200,8.0,2.0,0.25613930052748957,-69.87828430822049,0.022740706202514227,0.015291431760388927,2.3067584874239806,False
all_parameterized,2.6,SOH_slope_50_200_per100,8.0,2.0,0.21395053191670022,-79.36093028581213,0.012085275227504685,0.008381402974826176,2.27942422017789,False
all_parameterized,2.6,eol_point,8.0,2.0,0.05056797622109688,94.92567882851155,329.04156413877234,278.72775753267103,1.267927248447318,False
dataset3_only,2.6,SOH_200,6.0,2.0,0.9009021050850313,-60.10731084793963,0.011069220514781852,0.007653805725348721,1.0163306594625723,False
dataset3_only,2.6,SOH_slope_50_200_per100,6.0,2.0,0.9051164410096197,-67.88873843175831,0.005786700666185371,0.004009743654951388,0.9943322586325233,False
dataset3_only,2.6,eol_point,6.0,2.0,0.7464498802782824,62.75165691538244,139.95864695357045,134.33307877797355,0.7353652543671367,False
all_parameterized,2.6500000000000004,SOH_200,8.0,2.0,0.260220150096102,-69.92229345705904,0.02238311592174606,0.01514737106728932,2.270485453163897,False
all_parameterized,2.6500000000000004,SOH_slope_50_200_per100,8.0,2.0,0.21760025161233398,-79.39816172430324,0.011902916880729975,0.008307511698826223,2.2450293036728977,False
all_parameterized,2.6500000000000004,eol_point,8.0,2.0,0.05106080281905412,94.92152514894804,327.6938732100485,277.5692661787645,1.2627340624269234,False
dataset3_only,2.6500000000000004,SOH_200,6.0,2.0,0.9009297312410599,-60.10898373963093,0.011067490692875662,0.0076534070664930525,1.0161718342737234,False
dataset3_only,2.6500000000000004,SOH_slope_50_200_per100,6.0,2.0,0.9051359047293337,-67.8899693541552,0.005786007611465223,0.004009615793146525,0.994213170622793,False
dataset3_only,2.6500000000000004,eol_point,6.0,2.0,0.7462478414113822,62.75643605128354,140.08254567592235,134.44037365681734,0.7360162381931542,False
all_parameterized,2.7,SOH_200,8.0,2.0,0.26432509225583256,-69.96680803378622,0.022037656891788392,0.015007434602708855,2.2354429816454,False
all_parameterized,2.7,SOH_slope_50_200_per100,8.0,2.0,0.2212747554151513,-79.435821853814,0.011726854123886582,0.008235766726568769,2.211821809042841,False
all_parameterized,2.7,eol_point,8.0,2.0,0.05155394311343109,94.91736666565068,326.4180108193075,276.4467372036909,1.2578176601641156,False
dataset3_only,2.7,SOH_200,6.0,2.0,0.9009611408494356,-60.11088630367553,0.011065685696194039,0.007652900366327153,1.0160061068437465,False
dataset3_only,2.7,SOH_slope_50_200_per100,6.0,2.0,0.9051591779667274,-67.89144152922634,0.005785270307350032,0.0040094284729231084,0.9940864792128776,False
dataset3_only,2.7,eol_point,6.0,2.0,0.7460503917312494,62.761102957006,140.203366060859,134.54411347505922,0.7366510479390012,False
all_parameterized,2.75,SOH_200,8.0,2.0,0.2684531039681234,-70.01182396900504,0.021703829155505255,0.01487144739780867,2.201580358508238,False
all_parameterized,2.75,SOH_slope_50_200_per100,8.0,2.0,0.22497315621569658,-79.47390677418818,0.011556827598607716,0.00816607744934238,2.179752818267084,False
all_parameterized,2.75,eol_point,8.0,2.0,0.05204727093686912,94.91320443700366,325.21033091840314,275.358775605383,1.2531639919937536,False
dataset3_only,2.75,SOH_200,6.0,2.0,0.9009962592596551,-60.11301423436964,0.011063807547672281,0.007652287954712585,1.0158336629103062,False
dataset3_only,2.75,SOH_slope_50_200_per100,6.0,2.0,0.9051861831725507,-67.89315022706793,0.005784489973945849,0.004009182992534221,0.9939523940543343,False
dataset3_only,2.75,eol_point,6.0,2.0,0.7458573655670782,62.765661802599034,140.32121219171552,134.64441689128344,0.7372702304752701,False
all_parameterized,2.8,SOH_200,8.0,2.0,0.27260314078520687,-70.05733687375408,0.02138115894663471,0.014739243827766438,2.168849526126757,False
all_parameterized,2.8,SOH_slope_50_200_per100,8.0,2.0,0.22869454568077752,-79.51241230528558,0.011392591504218069,0.008098358091556101,2.148775970464133,False
all_parameterized,2.8,eol_point,8.0,2.0,0.052540659656581945,94.90903952752507,324.0674105661559,274.30406201872086,1.2487598679700538,False
dataset3_only,2.8,SOH_200,6.0,2.0,0.9010350148649385,-60.11536343001802,0.011061858168647357,0.007651572045586382,1.015654678882723,False
dataset3_only,2.8,SOH_slope_50_200_per100,6.0,2.0,0.9052168460163851,-67.8950909444098,0.005783667769920098,0.004008880585613853,0.9938111142416842,False
dataset3_only,2.8,eol_point,6.0,2.0,0.7456686057975307,62.77011653816281,140.43618293974205,134.74139638055945,0.7378743052874206,False
all_parameterized,2.85,SOH_200,8.0,2.0,0.2767741379333276,-70.1033420391934,0.02106919697692658,0.014610667004840872,2.1372049098615786,False
all_parameterized,2.85,SOH_slope_50_200_per100,8.0,2.0,0.23243799517825003,-79.5513339874281,0.011233912711843645,0.008032527396588112,2.1188472948023938,False
all_parameterized,2.85,eol_point,8.0,2.0,0.05303398232180545,94.90487300663862,322.986034527192,273.2813477443531,1.2445928985198291,False
dataset3_only,2.85,SOH_200,6.0,2.0,0.9010773389155263,-60.11792998040406,0.01105983938529288,0.0076507547447553685,1.015469322432806,False
dataset3_only,2.85,SOH_slope_50_200_per100,6.0,2.0,0.9052510951885722,-67.89725939059949,0.005782804796392231,0.004008522425511495,0.993662828980945,False
dataset3_only,2.85,eol_point,6.0,2.0,0.7454839633001588,62.77447090831613,140.54837228426618,134.83515863794,0.7384637661579636,False
all_parameterized,2.9000000000000004,SOH_200,8.0,2.0,0.28096501144040154,-70.1498344367427,0.02076751685734355,0.014485568218736977,2.106603257910317,False
all_parameterized,2.9000000000000004,SOH_slope_50_200_per100,8.0,2.0,0.2362025567449746,-79.59066708226688,0.011080569947878165,0.007968508337112896,2.089925056492385,False
all_parameterized,2.9000000000000004,eol_point,8.0,2.0,0.0535271118128835,94.9007059474263,321.96318104898324,272.28945016223327,1.240651439635799,False
dataset3_only,2.9000000000000004,SOH_200,6.0,2.0,0.9011231653450519,-60.12071015515674,0.011057752934577166,0.007649838057080009,1.0152777530418984,False
dataset3_only,2.9000000000000004,SOH_slope_50_200_per100,6.0,2.0,0.9052888622160957,-67.89965147459819,0.005781902100535846,0.004008109629287848,0.9935077182085871,False
dataset3_only,2.9000000000000004,eol_point,6.0,2.0,0.7453032964425743,62.778728465542386,140.65786960975498,134.925804950885,0.7390390827272736,False
all_parameterized,2.95,SOH_200,8.0,2.0,0.28517465930561003,-70.19680871867837,0.020475713641273596,0.01436380642001514,2.077003493534813,False
all_parameterized,2.95,SOH_slope_50_200_per100,8.0,2.0,0.239987264095871,-79.63040657407596,0.010932353040569892,0.007906227847705383,2.0619696146842057,False
all_parameterized,2.95,eol_point,8.0,2.0,0.05401992099163144,94.8965394253648,320.9960087166488,271.32724849544365,1.2369245422229422,False
dataset3_only,2.95,SOH_200,6.0,2.0,0.9011724306089395,-60.12370039293995,0.01105560046978531,0.007648823893102785,1.0150801225078916,False
dataset3_only,2.95,SOH_slope_50_200_per100,6.0,2.0,0.90533008129128,-67.90226329290348,0.005780960678916966,0.004007643261402295,0.9933459531651493,False
dataset3_only,2.95,eol_point,6.0,2.0,0.7451264706117389,62.78289258251391,140.76475998168945,135.01343154336794,0.739600701943077,False
all_parameterized,3.0,SOH_200,8.0,2.0,0.28940196270838847,-70.24425921919651,0.020193402478916777,0.014245247742717695,2.0483665785656058,True
all_parameterized,3.0,SOH_slope_50_200_per100,8.0,2.0,0.24379113367187022,-79.67054717147604,0.010789062224121645,0.007845616577742836,2.03494329121266,True
all_parameterized,3.0,eol_point,8.0,2.0,0.0545122828526049,94.89237451704888,320.081844294737,270.39367989335494,1.2334019052480758,True
dataset3_only,3.0,SOH_200,6.0,2.0,0.9012250735338794,-60.12689729139757,0.011053383565641678,0.007647714075170953,1.0148765754155507,True
dataset3_only,3.0,SOH_slope_50_200_per100,6.0,2.0,0.9053746891123206,-67.90509111832483,0.005779981480590448,0.004007124337119273,0.9931776969272993,True
dataset3_only,3.0,eol_point,6.0,2.0,0.7449533577780743,62.78696646348479,140.86912440297797,135.09812989413987,0.7401490494076904,True
all_parameterized,1.0,combined_primary_responses,,,,,,,3.665335780536586,False
all_parameterized,1.05,combined_primary_responses,,,,,,,3.563520651456814,False
all_parameterized,1.1,combined_primary_responses,,,,,,,3.4671191520255973,False
all_parameterized,1.15,combined_primary_responses,,,,,,,3.3757432111940546,False
all_parameterized,1.2,combined_primary_responses,,,,,,,3.289040638845186,False
all_parameterized,1.25,combined_primary_responses,,,,,,,3.206691079093863,False
all_parameterized,1.3,combined_primary_responses,,,,,,,3.12840249922505,False
all_parameterized,1.35,combined_primary_responses,,,,,,,3.053908133321631,False
all_parameterized,1.4,combined_primary_responses,,,,,,,2.982963813307961,False
all_parameterized,1.45,combined_primary_responses,,,,,,,2.9153456312694774,False
all_parameterized,1.5,combined_primary_responses,,,,,,,2.8508478860135558,False
all_parameterized,1.55,combined_primary_responses,,,,,,,2.789281274316848,False
all_parameterized,1.6,combined_primary_responses,,,,,,,2.730471293472864,False
all_parameterized,1.65,combined_primary_responses,,,,,,,2.6742568268624756,False
all_parameterized,1.7000000000000002,combined_primary_responses,,,,,,,2.6204888885160904,False
all_parameterized,1.75,combined_primary_responses,,,,,,,2.569029506179439,False
all_parameterized,1.8,combined_primary_responses,,,,,,,2.5197507253608777,False
all_parameterized,1.85,combined_primary_responses,,,,,,,2.4725337193300554,False
all_parameterized,1.9,combined_primary_responses,,,,,,,2.427267992137976,False
all_parameterized,1.9500000000000002,combined_primary_responses,,,,,,,2.3838506635040586,False
all_parameterized,2.0,combined_primary_responses,,,,,,,2.342185825921669,False
all_parameterized,2.05,combined_primary_responses,,,,,,,2.3021839656144407,False
all_parameterized,2.1,combined_primary_responses,,,,,,,2.263761440067896,False
all_parameterized,2.1500000000000004,combined_primary_responses,,,,,,,2.2268400057954785,False
all_parameterized,2.2,combined_primary_responses,,,,,,,2.1913463907990764,False
all_parameterized,2.25,combined_primary_responses,,,,,,,2.157211906873291,False
all_parameterized,2.3,combined_primary_responses,,,,,,,2.124372097496171,False
all_parameterized,2.35,combined_primary_responses,,,,,,,2.0927664175624523,False
all_parameterized,2.4000000000000004,combined_primary_responses,,,,,,,2.0623379416594196,False
all_parameterized,2.45,combined_primary_responses,,,,,,,2.0330330979712925,False
all_parameterized,2.5,combined_primary_responses,,,,,,,2.004801425233535,False
all_parameterized,2.55,combined_primary_responses,,,,,,,1.9775953504510575,False
all_parameterized,2.6,combined_primary_responses,,,,,,,1.9513699853497295,False
all_parameterized,2.6500000000000004,combined_primary_responses,,,,,,,1.9260829397545727,False
all_parameterized,2.7,combined_primary_responses,,,,,,,1.9016941502841191,False
all_parameterized,2.75,combined_primary_responses,,,,,,,1.8781657229230253,False
all_parameterized,2.8,combined_primary_responses,,,,,,,1.8554617881869813,False
all_parameterized,2.85,combined_primary_responses,,,,,,,1.8335483677279338,False
all_parameterized,2.9000000000000004,combined_primary_responses,,,,,,,1.8123932513461671,False
all_parameterized,2.95,combined_primary_responses,,,,,,,1.7919658834806536,False
all_parameterized,3.0,combined_primary_responses,,,,,,,1.7722372583421138,True
